image,label
img/img001_1.png,A
img/img001_2.png,A
img/img001_3.png,A
img/img001_4.png,A
img/img001_5.png,A
img/img001_6.png,A
img/img001_7.png,A
img/img001_8.png,A
img/img001_9.png,A
img/img001_10.png,A
img/img001_11.png,A
img/img001_12.png,A
img/img001_13.png,A
img/img001_14.png,A
img/img001_15.png,A
img/img001_16.png,A
img/img001_17.png,A
img/img001_18.png,A
img/img001_19.png,A
img/img001_20.png,A
img/img001_21.png,A
img/img001_22.png,A
img/img001_23.png,A
img/img001_24.png,A
img/img001_25.png,A
img/img001_26.png,A
img/img001_27.png,A
img/img001_28.png,A
img/img001_29.png,A
img/img001_30.png,A
img/img001_31.png,A
img/img001_32.png,A
img/img001_33.png,A
img/img001_34.png,A
img/img001_35.png,A
img/img001_36.png,A
img/img001_37.png,A
img/img001_38.png,A
img/img001_39.png,A
img/img001_40.png,A
img/img001_41.png,A
img/img001_42.png,A
img/img001_43.png,A
img/img001_44.png,A
img/img001_45.png,A
img/img001_46.png,A
img/img001_47.png,A
img/img001_48.png,A
img/img001_49.png,A
img/img001_50.png,A
img/img001_51.png,A
img/img001_52.png,A
img/img001_53.png,A
img/img001_54.png,A
img/img001_55.png,A
img/img001_56.png,A
img/img001_57.png,A
img/img001_58.png,A
img/img001_59.png,A
img/img001_60.png,A
img/img001_61.png,A
img/img001_62.png,A
img/img001_63.png,A
img/img001_64.png,A
img/img001_65.png,A
img/img001_66.png,A
img/img001_67.png,A
img/img001_68.png,A
img/img001_69.png,A
img/img001_70.png,A
img/img001_71.png,A
img/img001_72.png,A
img/img001_73.png,A
img/img001_74.png,A
img/img001_75.png,A
img/img001_76.png,A
img/img001_77.png,A
img/img001_78.png,A
img/img001_79.png,A
img/img001_80.png,A
img/img001_81.png,A
img/img001_82.png,A
img/img001_83.png,A
img/img001_84.png,A
img/img001_85.png,A
img/img001_86.png,A
img/img001_87.png,A
img/img001_88.png,A
img/img001_89.png,A
img/img001_90.png,A
img/img001_91.png,A
img/img001_92.png,A
img/img001_93.png,A
img/img001_94.png,A
img/img001_95.png,A
img/img001_96.png,A
img/img001_97.png,A
img/img001_98.png,A
img/img001_99.png,A
img/img001_100.png,A
img/img002_1.png,B
img/img002_2.png,B
img/img002_3.png,B
img/img002_4.png,B
img/img002_5.png,B
img/img002_6.png,B
img/img002_7.png,B
img/img002_8.png,B
img/img002_9.png,B
img/img002_10.png,B
img/img002_11.png,B
img/img002_12.png,B
img/img002_13.png,B
img/img002_14.png,B
img/img002_15.png,B
img/img002_16.png,B
img/img002_17.png,B
img/img002_18.png,B
img/img002_19.png,B
img/img002_20.png,B
img/img002_21.png,B
img/img002_22.png,B
img/img002_23.png,B
img/img002_24.png,B
img/img002_25.png,B
img/img002_26.png,B
img/img002_27.png,B
img/img002_28.png,B
img/img002_29.png,B
img/img002_30.png,B
img/img002_31.png,B
img/img002_32.png,B
img/img002_33.png,B
img/img002_34.png,B
img/img002_35.png,B
img/img002_36.png,B
img/img002_37.png,B
img/img002_38.png,B
img/img002_39.png,B
img/img002_40.png,B
img/img002_41.png,B
img/img002_42.png,B
img/img002_43.png,B
img/img002_44.png,B
img/img002_45.png,B
img/img002_46.png,B
img/img002_47.png,B
img/img002_48.png,B
img/img002_49.png,B
img/img002_50.png,B
img/img002_51.png,B
img/img002_52.png,B
img/img002_53.png,B
img/img002_54.png,B
img/img002_55.png,B
img/img002_56.png,B
img/img002_57.png,B
img/img002_58.png,B
img/img002_59.png,B
img/img002_60.png,B
img/img002_61.png,B
img/img002_62.png,B
img/img002_63.png,B
img/img002_64.png,B
img/img002_65.png,B
img/img002_66.png,B
img/img002_67.png,B
img/img002_68.png,B
img/img002_69.png,B
img/img002_70.png,B
img/img002_71.png,B
img/img002_72.png,B
img/img002_73.png,B
img/img002_74.png,B
img/img002_75.png,B
img/img002_76.png,B
img/img002_77.png,B
img/img002_78.png,B
img/img002_79.png,B
img/img002_80.png,B
img/img002_81.png,B
img/img002_82.png,B
img/img002_83.png,B
img/img002_84.png,B
img/img002_85.png,B
img/img002_86.png,B
img/img002_87.png,B
img/img002_88.png,B
img/img002_89.png,B
img/img002_90.png,B
img/img002_91.png,B
img/img002_92.png,B
img/img002_93.png,B
img/img002_94.png,B
img/img002_95.png,B
img/img002_96.png,B
img/img002_97.png,B
img/img002_98.png,B
img/img002_99.png,B
img/img002_100.png,B
img/img003_1.png,D
img/img003_2.png,D
img/img003_3.png,D
img/img003_4.png,D
img/img003_5.png,D
img/img003_6.png,D
img/img003_7.png,D
img/img003_8.png,D
img/img003_9.png,D
img/img003_10.png,D
img/img003_11.png,D
img/img003_12.png,D
img/img003_13.png,D
img/img003_14.png,D
img/img003_15.png,D
img/img003_16.png,D
img/img003_17.png,D
img/img003_18.png,D
img/img003_19.png,D
img/img003_20.png,D
img/img003_21.png,D
img/img003_22.png,D
img/img003_23.png,D
img/img003_24.png,D
img/img003_25.png,D
img/img003_26.png,D
img/img003_27.png,D
img/img003_28.png,D
img/img003_29.png,D
img/img003_30.png,D
img/img003_31.png,D
img/img003_32.png,D
img/img003_33.png,D
img/img003_34.png,D
img/img003_35.png,D
img/img003_36.png,D
img/img003_37.png,D
img/img003_38.png,D
img/img003_39.png,D
img/img003_40.png,D
img/img003_41.png,D
img/img003_42.png,D
img/img003_43.png,D
img/img003_44.png,D
img/img003_45.png,D
img/img003_46.png,D
img/img003_47.png,D
img/img003_48.png,D
img/img003_49.png,D
img/img003_50.png,D
img/img003_51.png,D
img/img003_52.png,D
img/img003_53.png,D
img/img003_54.png,D
img/img003_55.png,D
img/img003_56.png,D
img/img003_57.png,D
img/img003_58.png,D
img/img003_59.png,D
img/img003_60.png,D
img/img003_61.png,D
img/img003_62.png,D
img/img003_63.png,D
img/img003_64.png,D
img/img003_65.png,D
img/img003_66.png,D
img/img003_67.png,D
img/img003_68.png,D
img/img003_69.png,D
img/img003_70.png,D
img/img003_71.png,D
img/img003_72.png,D
img/img003_73.png,D
img/img003_74.png,D
img/img003_75.png,D
img/img003_76.png,D
img/img003_77.png,D
img/img003_78.png,D
img/img003_79.png,D
img/img003_80.png,D
img/img003_81.png,D
img/img003_82.png,D
img/img003_83.png,D
img/img003_84.png,D
img/img003_85.png,D
img/img003_86.png,D
img/img003_87.png,D
img/img003_88.png,D
img/img003_89.png,D
img/img003_90.png,D
img/img003_91.png,D
img/img003_92.png,D
img/img003_93.png,D
img/img003_94.png,D
img/img003_95.png,D
img/img003_96.png,D
img/img003_97.png,D
img/img003_98.png,D
img/img003_99.png,D
img/img003_100.png,D
img/img004_1.png,E
img/img004_2.png,E
img/img004_3.png,E
img/img004_4.png,E
img/img004_5.png,E
img/img004_6.png,E
img/img004_7.png,E
img/img004_8.png,E
img/img004_9.png,E
img/img004_10.png,E
img/img004_11.png,E
img/img004_12.png,E
img/img004_13.png,E
img/img004_14.png,E
img/img004_15.png,E
img/img004_16.png,E
img/img004_17.png,E
img/img004_18.png,E
img/img004_19.png,E
img/img004_20.png,E
img/img004_21.png,E
img/img004_22.png,E
img/img004_23.png,E
img/img004_24.png,E
img/img004_25.png,E
img/img004_26.png,E
img/img004_27.png,E
img/img004_28.png,E
img/img004_29.png,E
img/img004_30.png,E
img/img004_31.png,E
img/img004_32.png,E
img/img004_33.png,E
img/img004_34.png,E
img/img004_35.png,E
img/img004_36.png,E
img/img004_37.png,E
img/img004_38.png,E
img/img004_39.png,E
img/img004_40.png,E
img/img004_41.png,E
img/img004_42.png,E
img/img004_43.png,E
img/img004_44.png,E
img/img004_45.png,E
img/img004_46.png,E
img/img004_47.png,E
img/img004_48.png,E
img/img004_49.png,E
img/img004_50.png,E
img/img004_51.png,E
img/img004_52.png,E
img/img004_53.png,E
img/img004_54.png,E
img/img004_55.png,E
img/img004_56.png,E
img/img004_57.png,E
img/img004_58.png,E
img/img004_59.png,E
img/img004_60.png,E
img/img004_61.png,E
img/img004_62.png,E
img/img004_63.png,E
img/img004_64.png,E
img/img004_65.png,E
img/img004_66.png,E
img/img004_67.png,E
img/img004_68.png,E
img/img004_69.png,E
img/img004_70.png,E
img/img004_71.png,E
img/img004_72.png,E
img/img004_73.png,E
img/img004_74.png,E
img/img004_75.png,E
img/img004_76.png,E
img/img004_77.png,E
img/img004_78.png,E
img/img004_79.png,E
img/img004_80.png,E
img/img004_81.png,E
img/img004_82.png,E
img/img004_83.png,E
img/img004_84.png,E
img/img004_85.png,E
img/img004_86.png,E
img/img004_87.png,E
img/img004_88.png,E
img/img004_89.png,E
img/img004_90.png,E
img/img004_91.png,E
img/img004_92.png,E
img/img004_93.png,E
img/img004_94.png,E
img/img004_95.png,E
img/img004_96.png,E
img/img004_97.png,E
img/img004_98.png,E
img/img004_99.png,E
img/img004_100.png,E
img/img005_1.png,Ẹ
img/img005_2.png,Ẹ
img/img005_3.png,Ẹ
img/img005_4.png,Ẹ
img/img005_5.png,Ẹ
img/img005_6.png,Ẹ
img/img005_7.png,Ẹ
img/img005_8.png,Ẹ
img/img005_9.png,Ẹ
img/img005_10.png,Ẹ
img/img005_11.png,Ẹ
img/img005_12.png,Ẹ
img/img005_13.png,Ẹ
img/img005_14.png,Ẹ
img/img005_15.png,Ẹ
img/img005_16.png,Ẹ
img/img005_17.png,Ẹ
img/img005_18.png,Ẹ
img/img005_19.png,Ẹ
img/img005_20.png,Ẹ
img/img005_21.png,Ẹ
img/img005_22.png,Ẹ
img/img005_23.png,Ẹ
img/img005_24.png,Ẹ
img/img005_25.png,Ẹ
img/img005_26.png,Ẹ
img/img005_27.png,Ẹ
img/img005_28.png,Ẹ
img/img005_29.png,Ẹ
img/img005_30.png,Ẹ
img/img005_31.png,Ẹ
img/img005_32.png,Ẹ
img/img005_33.png,Ẹ
img/img005_34.png,Ẹ
img/img005_35.png,Ẹ
img/img005_36.png,Ẹ
img/img005_37.png,Ẹ
img/img005_38.png,Ẹ
img/img005_39.png,Ẹ
img/img005_40.png,Ẹ
img/img005_41.png,Ẹ
img/img005_42.png,Ẹ
img/img005_43.png,Ẹ
img/img005_44.png,Ẹ
img/img005_45.png,Ẹ
img/img005_46.png,Ẹ
img/img005_47.png,Ẹ
img/img005_48.png,Ẹ
img/img005_49.png,Ẹ
img/img005_50.png,Ẹ
img/img005_51.png,Ẹ
img/img005_52.png,Ẹ
img/img005_53.png,Ẹ
img/img005_54.png,Ẹ
img/img005_55.png,Ẹ
img/img005_56.png,Ẹ
img/img005_57.png,Ẹ
img/img005_58.png,Ẹ
img/img005_59.png,Ẹ
img/img005_60.png,Ẹ
img/img005_61.png,Ẹ
img/img005_62.png,Ẹ
img/img005_63.png,Ẹ
img/img005_64.png,Ẹ
img/img005_65.png,Ẹ
img/img005_66.png,Ẹ
img/img005_67.png,Ẹ
img/img005_68.png,Ẹ
img/img005_69.png,Ẹ
img/img005_70.png,Ẹ
img/img005_71.png,Ẹ
img/img005_72.png,Ẹ
img/img005_73.png,Ẹ
img/img005_74.png,Ẹ
img/img005_75.png,Ẹ
img/img005_76.png,Ẹ
img/img005_77.png,Ẹ
img/img005_78.png,Ẹ
img/img005_79.png,Ẹ
img/img005_80.png,Ẹ
img/img005_81.png,Ẹ
img/img005_82.png,Ẹ
img/img005_83.png,Ẹ
img/img005_84.png,Ẹ
img/img005_85.png,Ẹ
img/img005_86.png,Ẹ
img/img005_87.png,Ẹ
img/img005_88.png,Ẹ
img/img005_89.png,Ẹ
img/img005_90.png,Ẹ
img/img005_91.png,Ẹ
img/img005_92.png,Ẹ
img/img005_93.png,Ẹ
img/img005_94.png,Ẹ
img/img005_95.png,Ẹ
img/img005_96.png,Ẹ
img/img005_97.png,Ẹ
img/img005_98.png,Ẹ
img/img005_99.png,Ẹ
img/img005_100.png,Ẹ
img/img006_1.png,F
img/img006_2.png,F
img/img006_3.png,F
img/img006_4.png,F
img/img006_5.png,F
img/img006_6.png,F
img/img006_7.png,F
img/img006_8.png,F
img/img006_9.png,F
img/img006_10.png,F
img/img006_11.png,F
img/img006_12.png,F
img/img006_13.png,F
img/img006_14.png,F
img/img006_15.png,F
img/img006_16.png,F
img/img006_17.png,F
img/img006_18.png,F
img/img006_19.png,F
img/img006_20.png,F
img/img006_21.png,F
img/img006_22.png,F
img/img006_23.png,F
img/img006_24.png,F
img/img006_25.png,F
img/img006_26.png,F
img/img006_27.png,F
img/img006_28.png,F
img/img006_29.png,F
img/img006_30.png,F
img/img006_31.png,F
img/img006_32.png,F
img/img006_33.png,F
img/img006_34.png,F
img/img006_35.png,F
img/img006_36.png,F
img/img006_37.png,F
img/img006_38.png,F
img/img006_39.png,F
img/img006_40.png,F
img/img006_41.png,F
img/img006_42.png,F
img/img006_43.png,F
img/img006_44.png,F
img/img006_45.png,F
img/img006_46.png,F
img/img006_47.png,F
img/img006_48.png,F
img/img006_49.png,F
img/img006_50.png,F
img/img006_51.png,F
img/img006_52.png,F
img/img006_53.png,F
img/img006_54.png,F
img/img006_55.png,F
img/img006_56.png,F
img/img006_57.png,F
img/img006_58.png,F
img/img006_59.png,F
img/img006_60.png,F
img/img006_61.png,F
img/img006_62.png,F
img/img006_63.png,F
img/img006_64.png,F
img/img006_65.png,F
img/img006_66.png,F
img/img006_67.png,F
img/img006_68.png,F
img/img006_69.png,F
img/img006_70.png,F
img/img006_71.png,F
img/img006_72.png,F
img/img006_73.png,F
img/img006_74.png,F
img/img006_75.png,F
img/img006_76.png,F
img/img006_77.png,F
img/img006_78.png,F
img/img006_79.png,F
img/img006_80.png,F
img/img006_81.png,F
img/img006_82.png,F
img/img006_83.png,F
img/img006_84.png,F
img/img006_85.png,F
img/img006_86.png,F
img/img006_87.png,F
img/img006_88.png,F
img/img006_89.png,F
img/img006_90.png,F
img/img006_91.png,F
img/img006_92.png,F
img/img006_93.png,F
img/img006_94.png,F
img/img006_95.png,F
img/img006_96.png,F
img/img006_97.png,F
img/img006_98.png,F
img/img006_99.png,F
img/img006_100.png,F
img/img007_1.png,G
img/img007_2.png,G
img/img007_3.png,G
img/img007_4.png,G
img/img007_5.png,G
img/img007_6.png,G
img/img007_7.png,G
img/img007_8.png,G
img/img007_9.png,G
img/img007_10.png,G
img/img007_11.png,G
img/img007_12.png,G
img/img007_13.png,G
img/img007_14.png,G
img/img007_15.png,G
img/img007_16.png,G
img/img007_17.png,G
img/img007_18.png,G
img/img007_19.png,G
img/img007_20.png,G
img/img007_21.png,G
img/img007_22.png,G
img/img007_23.png,G
img/img007_24.png,G
img/img007_25.png,G
img/img007_26.png,G
img/img007_27.png,G
img/img007_28.png,G
img/img007_29.png,G
img/img007_30.png,G
img/img007_31.png,G
img/img007_32.png,G
img/img007_33.png,G
img/img007_34.png,G
img/img007_35.png,G
img/img007_36.png,G
img/img007_37.png,G
img/img007_38.png,G
img/img007_39.png,G
img/img007_40.png,G
img/img007_41.png,G
img/img007_42.png,G
img/img007_43.png,G
img/img007_44.png,G
img/img007_45.png,G
img/img007_46.png,G
img/img007_47.png,G
img/img007_48.png,G
img/img007_49.png,G
img/img007_50.png,G
img/img007_51.png,G
img/img007_52.png,G
img/img007_53.png,G
img/img007_54.png,G
img/img007_55.png,G
img/img007_56.png,G
img/img007_57.png,G
img/img007_58.png,G
img/img007_59.png,G
img/img007_60.png,G
img/img007_61.png,G
img/img007_62.png,G
img/img007_63.png,G
img/img007_64.png,G
img/img007_65.png,G
img/img007_66.png,G
img/img007_67.png,G
img/img007_68.png,G
img/img007_69.png,G
img/img007_70.png,G
img/img007_71.png,G
img/img007_72.png,G
img/img007_73.png,G
img/img007_74.png,G
img/img007_75.png,G
img/img007_76.png,G
img/img007_77.png,G
img/img007_78.png,G
img/img007_79.png,G
img/img007_80.png,G
img/img007_81.png,G
img/img007_82.png,G
img/img007_83.png,G
img/img007_84.png,G
img/img007_85.png,G
img/img007_86.png,G
img/img007_87.png,G
img/img007_88.png,G
img/img007_89.png,G
img/img007_90.png,G
img/img007_91.png,G
img/img007_92.png,G
img/img007_93.png,G
img/img007_94.png,G
img/img007_95.png,G
img/img007_96.png,G
img/img007_97.png,G
img/img007_98.png,G
img/img007_99.png,G
img/img007_100.png,G
img/img008_1.png,GB
img/img008_2.png,GB
img/img008_3.png,GB
img/img008_4.png,GB
img/img008_5.png,GB
img/img008_6.png,GB
img/img008_7.png,GB
img/img008_8.png,GB
img/img008_9.png,GB
img/img008_10.png,GB
img/img008_11.png,GB
img/img008_12.png,GB
img/img008_13.png,GB
img/img008_14.png,GB
img/img008_15.png,GB
img/img008_16.png,GB
img/img008_17.png,GB
img/img008_18.png,GB
img/img008_19.png,GB
img/img008_20.png,GB
img/img008_21.png,GB
img/img008_22.png,GB
img/img008_23.png,GB
img/img008_24.png,GB
img/img008_25.png,GB
img/img008_26.png,GB
img/img008_27.png,GB
img/img008_28.png,GB
img/img008_29.png,GB
img/img008_30.png,GB
img/img008_31.png,GB
img/img008_32.png,GB
img/img008_33.png,GB
img/img008_34.png,GB
img/img008_35.png,GB
img/img008_36.png,GB
img/img008_37.png,GB
img/img008_38.png,GB
img/img008_39.png,GB
img/img008_40.png,GB
img/img008_41.png,GB
img/img008_42.png,GB
img/img008_43.png,GB
img/img008_44.png,GB
img/img008_45.png,GB
img/img008_46.png,GB
img/img008_47.png,GB
img/img008_48.png,GB
img/img008_49.png,GB
img/img008_50.png,GB
img/img008_51.png,GB
img/img008_52.png,GB
img/img008_53.png,GB
img/img008_54.png,GB
img/img008_55.png,GB
img/img008_56.png,GB
img/img008_57.png,GB
img/img008_58.png,GB
img/img008_59.png,GB
img/img008_60.png,GB
img/img008_61.png,GB
img/img008_62.png,GB
img/img008_63.png,GB
img/img008_64.png,GB
img/img008_65.png,GB
img/img008_66.png,GB
img/img008_67.png,GB
img/img008_68.png,GB
img/img008_69.png,GB
img/img008_70.png,GB
img/img008_71.png,GB
img/img008_72.png,GB
img/img008_73.png,GB
img/img008_74.png,GB
img/img008_75.png,GB
img/img008_76.png,GB
img/img008_77.png,GB
img/img008_78.png,GB
img/img008_79.png,GB
img/img008_80.png,GB
img/img008_81.png,GB
img/img008_82.png,GB
img/img008_83.png,GB
img/img008_84.png,GB
img/img008_85.png,GB
img/img008_86.png,GB
img/img008_87.png,GB
img/img008_88.png,GB
img/img008_89.png,GB
img/img008_90.png,GB
img/img008_91.png,GB
img/img008_92.png,GB
img/img008_93.png,GB
img/img008_94.png,GB
img/img008_95.png,GB
img/img008_96.png,GB
img/img008_97.png,GB
img/img008_98.png,GB
img/img008_99.png,GB
img/img008_100.png,GB
img/img009_1.png,H
img/img009_2.png,H
img/img009_3.png,H
img/img009_4.png,H
img/img009_5.png,H
img/img009_6.png,H
img/img009_7.png,H
img/img009_8.png,H
img/img009_9.png,H
img/img009_10.png,H
img/img009_11.png,H
img/img009_12.png,H
img/img009_13.png,H
img/img009_14.png,H
img/img009_15.png,H
img/img009_16.png,H
img/img009_17.png,H
img/img009_18.png,H
img/img009_19.png,H
img/img009_20.png,H
img/img009_21.png,H
img/img009_22.png,H
img/img009_23.png,H
img/img009_24.png,H
img/img009_25.png,H
img/img009_26.png,H
img/img009_27.png,H
img/img009_28.png,H
img/img009_29.png,H
img/img009_30.png,H
img/img009_31.png,H
img/img009_32.png,H
img/img009_33.png,H
img/img009_34.png,H
img/img009_35.png,H
img/img009_36.png,H
img/img009_37.png,H
img/img009_38.png,H
img/img009_39.png,H
img/img009_40.png,H
img/img009_41.png,H
img/img009_42.png,H
img/img009_43.png,H
img/img009_44.png,H
img/img009_45.png,H
img/img009_46.png,H
img/img009_47.png,H
img/img009_48.png,H
img/img009_49.png,H
img/img009_50.png,H
img/img009_51.png,H
img/img009_52.png,H
img/img009_53.png,H
img/img009_54.png,H
img/img009_55.png,H
img/img009_56.png,H
img/img009_57.png,H
img/img009_58.png,H
img/img009_59.png,H
img/img009_60.png,H
img/img009_61.png,H
img/img009_62.png,H
img/img009_63.png,H
img/img009_64.png,H
img/img009_65.png,H
img/img009_66.png,H
img/img009_67.png,H
img/img009_68.png,H
img/img009_69.png,H
img/img009_70.png,H
img/img009_71.png,H
img/img009_72.png,H
img/img009_73.png,H
img/img009_74.png,H
img/img009_75.png,H
img/img009_76.png,H
img/img009_77.png,H
img/img009_78.png,H
img/img009_79.png,H
img/img009_80.png,H
img/img009_81.png,H
img/img009_82.png,H
img/img009_83.png,H
img/img009_84.png,H
img/img009_85.png,H
img/img009_86.png,H
img/img009_87.png,H
img/img009_88.png,H
img/img009_89.png,H
img/img009_90.png,H
img/img009_91.png,H
img/img009_92.png,H
img/img009_93.png,H
img/img009_94.png,H
img/img009_95.png,H
img/img009_96.png,H
img/img009_97.png,H
img/img009_98.png,H
img/img009_99.png,H
img/img009_100.png,H
img/img010_1.png,I
img/img010_2.png,I
img/img010_3.png,I
img/img010_4.png,I
img/img010_5.png,I
img/img010_6.png,I
img/img010_7.png,I
img/img010_8.png,I
img/img010_9.png,I
img/img010_10.png,I
img/img010_11.png,I
img/img010_12.png,I
img/img010_13.png,I
img/img010_14.png,I
img/img010_15.png,I
img/img010_16.png,I
img/img010_17.png,I
img/img010_18.png,I
img/img010_19.png,I
img/img010_20.png,I
img/img010_21.png,I
img/img010_22.png,I
img/img010_23.png,I
img/img010_24.png,I
img/img010_25.png,I
img/img010_26.png,I
img/img010_27.png,I
img/img010_28.png,I
img/img010_29.png,I
img/img010_30.png,I
img/img010_31.png,I
img/img010_32.png,I
img/img010_33.png,I
img/img010_34.png,I
img/img010_35.png,I
img/img010_36.png,I
img/img010_37.png,I
img/img010_38.png,I
img/img010_39.png,I
img/img010_40.png,I
img/img010_41.png,I
img/img010_42.png,I
img/img010_43.png,I
img/img010_44.png,I
img/img010_45.png,I
img/img010_46.png,I
img/img010_47.png,I
img/img010_48.png,I
img/img010_49.png,I
img/img010_50.png,I
img/img010_51.png,I
img/img010_52.png,I
img/img010_53.png,I
img/img010_54.png,I
img/img010_55.png,I
img/img010_56.png,I
img/img010_57.png,I
img/img010_58.png,I
img/img010_59.png,I
img/img010_60.png,I
img/img010_61.png,I
img/img010_62.png,I
img/img010_63.png,I
img/img010_64.png,I
img/img010_65.png,I
img/img010_66.png,I
img/img010_67.png,I
img/img010_68.png,I
img/img010_69.png,I
img/img010_70.png,I
img/img010_71.png,I
img/img010_72.png,I
img/img010_73.png,I
img/img010_74.png,I
img/img010_75.png,I
img/img010_76.png,I
img/img010_77.png,I
img/img010_78.png,I
img/img010_79.png,I
img/img010_80.png,I
img/img010_81.png,I
img/img010_82.png,I
img/img010_83.png,I
img/img010_84.png,I
img/img010_85.png,I
img/img010_86.png,I
img/img010_87.png,I
img/img010_88.png,I
img/img010_89.png,I
img/img010_90.png,I
img/img010_91.png,I
img/img010_92.png,I
img/img010_93.png,I
img/img010_94.png,I
img/img010_95.png,I
img/img010_96.png,I
img/img010_97.png,I
img/img010_98.png,I
img/img010_99.png,I
img/img010_100.png,I
img/img011_1.png,J
img/img011_2.png,J
img/img011_3.png,J
img/img011_4.png,J
img/img011_5.png,J
img/img011_6.png,J
img/img011_7.png,J
img/img011_8.png,J
img/img011_9.png,J
img/img011_10.png,J
img/img011_11.png,J
img/img011_12.png,J
img/img011_13.png,J
img/img011_14.png,J
img/img011_15.png,J
img/img011_16.png,J
img/img011_17.png,J
img/img011_18.png,J
img/img011_19.png,J
img/img011_20.png,J
img/img011_21.png,J
img/img011_22.png,J
img/img011_23.png,J
img/img011_24.png,J
img/img011_25.png,J
img/img011_26.png,J
img/img011_27.png,J
img/img011_28.png,J
img/img011_29.png,J
img/img011_30.png,J
img/img011_31.png,J
img/img011_32.png,J
img/img011_33.png,J
img/img011_34.png,J
img/img011_35.png,J
img/img011_36.png,J
img/img011_37.png,J
img/img011_38.png,J
img/img011_39.png,J
img/img011_40.png,J
img/img011_41.png,J
img/img011_42.png,J
img/img011_43.png,J
img/img011_44.png,J
img/img011_45.png,J
img/img011_46.png,J
img/img011_47.png,J
img/img011_48.png,J
img/img011_49.png,J
img/img011_50.png,J
img/img011_51.png,J
img/img011_52.png,J
img/img011_53.png,J
img/img011_54.png,J
img/img011_55.png,J
img/img011_56.png,J
img/img011_57.png,J
img/img011_58.png,J
img/img011_59.png,J
img/img011_60.png,J
img/img011_61.png,J
img/img011_62.png,J
img/img011_63.png,J
img/img011_64.png,J
img/img011_65.png,J
img/img011_66.png,J
img/img011_67.png,J
img/img011_68.png,J
img/img011_69.png,J
img/img011_70.png,J
img/img011_71.png,J
img/img011_72.png,J
img/img011_73.png,J
img/img011_74.png,J
img/img011_75.png,J
img/img011_76.png,J
img/img011_77.png,J
img/img011_78.png,J
img/img011_79.png,J
img/img011_80.png,J
img/img011_81.png,J
img/img011_82.png,J
img/img011_83.png,J
img/img011_84.png,J
img/img011_85.png,J
img/img011_86.png,J
img/img011_87.png,J
img/img011_88.png,J
img/img011_89.png,J
img/img011_90.png,J
img/img011_91.png,J
img/img011_92.png,J
img/img011_93.png,J
img/img011_94.png,J
img/img011_95.png,J
img/img011_96.png,J
img/img011_97.png,J
img/img011_98.png,J
img/img011_99.png,J
img/img011_100.png,J
img/img012_1.png,K
img/img012_2.png,K
img/img012_3.png,K
img/img012_4.png,K
img/img012_5.png,K
img/img012_6.png,K
img/img012_7.png,K
img/img012_8.png,K
img/img012_9.png,K
img/img012_10.png,K
img/img012_11.png,K
img/img012_12.png,K
img/img012_13.png,K
img/img012_14.png,K
img/img012_15.png,K
img/img012_16.png,K
img/img012_17.png,K
img/img012_18.png,K
img/img012_19.png,K
img/img012_20.png,K
img/img012_21.png,K
img/img012_22.png,K
img/img012_23.png,K
img/img012_24.png,K
img/img012_25.png,K
img/img012_26.png,K
img/img012_27.png,K
img/img012_28.png,K
img/img012_29.png,K
img/img012_30.png,K
img/img012_31.png,K
img/img012_32.png,K
img/img012_33.png,K
img/img012_34.png,K
img/img012_35.png,K
img/img012_36.png,K
img/img012_37.png,K
img/img012_38.png,K
img/img012_39.png,K
img/img012_40.png,K
img/img012_41.png,K
img/img012_42.png,K
img/img012_43.png,K
img/img012_44.png,K
img/img012_45.png,K
img/img012_46.png,K
img/img012_47.png,K
img/img012_48.png,K
img/img012_49.png,K
img/img012_50.png,K
img/img012_51.png,K
img/img012_52.png,K
img/img012_53.png,K
img/img012_54.png,K
img/img012_55.png,K
img/img012_56.png,K
img/img012_57.png,K
img/img012_58.png,K
img/img012_59.png,K
img/img012_60.png,K
img/img012_61.png,K
img/img012_62.png,K
img/img012_63.png,K
img/img012_64.png,K
img/img012_65.png,K
img/img012_66.png,K
img/img012_67.png,K
img/img012_68.png,K
img/img012_69.png,K
img/img012_70.png,K
img/img012_71.png,K
img/img012_72.png,K
img/img012_73.png,K
img/img012_74.png,K
img/img012_75.png,K
img/img012_76.png,K
img/img012_77.png,K
img/img012_78.png,K
img/img012_79.png,K
img/img012_80.png,K
img/img012_81.png,K
img/img012_82.png,K
img/img012_83.png,K
img/img012_84.png,K
img/img012_85.png,K
img/img012_86.png,K
img/img012_87.png,K
img/img012_88.png,K
img/img012_89.png,K
img/img012_90.png,K
img/img012_91.png,K
img/img012_92.png,K
img/img012_93.png,K
img/img012_94.png,K
img/img012_95.png,K
img/img012_96.png,K
img/img012_97.png,K
img/img012_98.png,K
img/img012_99.png,K
img/img012_100.png,K
img/img013_1.png,L
img/img013_2.png,L
img/img013_3.png,L
img/img013_4.png,L
img/img013_5.png,L
img/img013_6.png,L
img/img013_7.png,L
img/img013_8.png,L
img/img013_9.png,L
img/img013_10.png,L
img/img013_11.png,L
img/img013_12.png,L
img/img013_13.png,L
img/img013_14.png,L
img/img013_15.png,L
img/img013_16.png,L
img/img013_17.png,L
img/img013_18.png,L
img/img013_19.png,L
img/img013_20.png,L
img/img013_21.png,L
img/img013_22.png,L
img/img013_23.png,L
img/img013_24.png,L
img/img013_25.png,L
img/img013_26.png,L
img/img013_27.png,L
img/img013_28.png,L
img/img013_29.png,L
img/img013_30.png,L
img/img013_31.png,L
img/img013_32.png,L
img/img013_33.png,L
img/img013_34.png,L
img/img013_35.png,L
img/img013_36.png,L
img/img013_37.png,L
img/img013_38.png,L
img/img013_39.png,L
img/img013_40.png,L
img/img013_41.png,L
img/img013_42.png,L
img/img013_43.png,L
img/img013_44.png,L
img/img013_45.png,L
img/img013_46.png,L
img/img013_47.png,L
img/img013_48.png,L
img/img013_49.png,L
img/img013_50.png,L
img/img013_51.png,L
img/img013_52.png,L
img/img013_53.png,L
img/img013_54.png,L
img/img013_55.png,L
img/img013_56.png,L
img/img013_57.png,L
img/img013_58.png,L
img/img013_59.png,L
img/img013_60.png,L
img/img013_61.png,L
img/img013_62.png,L
img/img013_63.png,L
img/img013_64.png,L
img/img013_65.png,L
img/img013_66.png,L
img/img013_67.png,L
img/img013_68.png,L
img/img013_69.png,L
img/img013_70.png,L
img/img013_71.png,L
img/img013_72.png,L
img/img013_73.png,L
img/img013_74.png,L
img/img013_75.png,L
img/img013_76.png,L
img/img013_77.png,L
img/img013_78.png,L
img/img013_79.png,L
img/img013_80.png,L
img/img013_81.png,L
img/img013_82.png,L
img/img013_83.png,L
img/img013_84.png,L
img/img013_85.png,L
img/img013_86.png,L
img/img013_87.png,L
img/img013_88.png,L
img/img013_89.png,L
img/img013_90.png,L
img/img013_91.png,L
img/img013_92.png,L
img/img013_93.png,L
img/img013_94.png,L
img/img013_95.png,L
img/img013_96.png,L
img/img013_97.png,L
img/img013_98.png,L
img/img013_99.png,L
img/img013_100.png,L
img/img014_1.png,M
img/img014_2.png,M
img/img014_3.png,M
img/img014_4.png,M
img/img014_5.png,M
img/img014_6.png,M
img/img014_7.png,M
img/img014_8.png,M
img/img014_9.png,M
img/img014_10.png,M
img/img014_11.png,M
img/img014_12.png,M
img/img014_13.png,M
img/img014_14.png,M
img/img014_15.png,M
img/img014_16.png,M
img/img014_17.png,M
img/img014_18.png,M
img/img014_19.png,M
img/img014_20.png,M
img/img014_21.png,M
img/img014_22.png,M
img/img014_23.png,M
img/img014_24.png,M
img/img014_25.png,M
img/img014_26.png,M
img/img014_27.png,M
img/img014_28.png,M
img/img014_29.png,M
img/img014_30.png,M
img/img014_31.png,M
img/img014_32.png,M
img/img014_33.png,M
img/img014_34.png,M
img/img014_35.png,M
img/img014_36.png,M
img/img014_37.png,M
img/img014_38.png,M
img/img014_39.png,M
img/img014_40.png,M
img/img014_41.png,M
img/img014_42.png,M
img/img014_43.png,M
img/img014_44.png,M
img/img014_45.png,M
img/img014_46.png,M
img/img014_47.png,M
img/img014_48.png,M
img/img014_49.png,M
img/img014_50.png,M
img/img014_51.png,M
img/img014_52.png,M
img/img014_53.png,M
img/img014_54.png,M
img/img014_55.png,M
img/img014_56.png,M
img/img014_57.png,M
img/img014_58.png,M
img/img014_59.png,M
img/img014_60.png,M
img/img014_61.png,M
img/img014_62.png,M
img/img014_63.png,M
img/img014_64.png,M
img/img014_65.png,M
img/img014_66.png,M
img/img014_67.png,M
img/img014_68.png,M
img/img014_69.png,M
img/img014_70.png,M
img/img014_71.png,M
img/img014_72.png,M
img/img014_73.png,M
img/img014_74.png,M
img/img014_75.png,M
img/img014_76.png,M
img/img014_77.png,M
img/img014_78.png,M
img/img014_79.png,M
img/img014_80.png,M
img/img014_81.png,M
img/img014_82.png,M
img/img014_83.png,M
img/img014_84.png,M
img/img014_85.png,M
img/img014_86.png,M
img/img014_87.png,M
img/img014_88.png,M
img/img014_89.png,M
img/img014_90.png,M
img/img014_91.png,M
img/img014_92.png,M
img/img014_93.png,M
img/img014_94.png,M
img/img014_95.png,M
img/img014_96.png,M
img/img014_97.png,M
img/img014_98.png,M
img/img014_99.png,M
img/img014_100.png,M
img/img015_1.png,N
img/img015_2.png,N
img/img015_3.png,N
img/img015_4.png,N
img/img015_5.png,N
img/img015_6.png,N
img/img015_7.png,N
img/img015_8.png,N
img/img015_9.png,N
img/img015_10.png,N
img/img015_11.png,N
img/img015_12.png,N
img/img015_13.png,N
img/img015_14.png,N
img/img015_15.png,N
img/img015_16.png,N
img/img015_17.png,N
img/img015_18.png,N
img/img015_19.png,N
img/img015_20.png,N
img/img015_21.png,N
img/img015_22.png,N
img/img015_23.png,N
img/img015_24.png,N
img/img015_25.png,N
img/img015_26.png,N
img/img015_27.png,N
img/img015_28.png,N
img/img015_29.png,N
img/img015_30.png,N
img/img015_31.png,N
img/img015_32.png,N
img/img015_33.png,N
img/img015_34.png,N
img/img015_35.png,N
img/img015_36.png,N
img/img015_37.png,N
img/img015_38.png,N
img/img015_39.png,N
img/img015_40.png,N
img/img015_41.png,N
img/img015_42.png,N
img/img015_43.png,N
img/img015_44.png,N
img/img015_45.png,N
img/img015_46.png,N
img/img015_47.png,N
img/img015_48.png,N
img/img015_49.png,N
img/img015_50.png,N
img/img015_51.png,N
img/img015_52.png,N
img/img015_53.png,N
img/img015_54.png,N
img/img015_55.png,N
img/img015_56.png,N
img/img015_57.png,N
img/img015_58.png,N
img/img015_59.png,N
img/img015_60.png,N
img/img015_61.png,N
img/img015_62.png,N
img/img015_63.png,N
img/img015_64.png,N
img/img015_65.png,N
img/img015_66.png,N
img/img015_67.png,N
img/img015_68.png,N
img/img015_69.png,N
img/img015_70.png,N
img/img015_71.png,N
img/img015_72.png,N
img/img015_73.png,N
img/img015_74.png,N
img/img015_75.png,N
img/img015_76.png,N
img/img015_77.png,N
img/img015_78.png,N
img/img015_79.png,N
img/img015_80.png,N
img/img015_81.png,N
img/img015_82.png,N
img/img015_83.png,N
img/img015_84.png,N
img/img015_85.png,N
img/img015_86.png,N
img/img015_87.png,N
img/img015_88.png,N
img/img015_89.png,N
img/img015_90.png,N
img/img015_91.png,N
img/img015_92.png,N
img/img015_93.png,N
img/img015_94.png,N
img/img015_95.png,N
img/img015_96.png,N
img/img015_97.png,N
img/img015_98.png,N
img/img015_99.png,N
img/img015_100.png,N
img/img016_1.png,O
img/img016_2.png,O
img/img016_3.png,O
img/img016_4.png,O
img/img016_5.png,O
img/img016_6.png,O
img/img016_7.png,O
img/img016_8.png,O
img/img016_9.png,O
img/img016_10.png,O
img/img016_11.png,O
img/img016_12.png,O
img/img016_13.png,O
img/img016_14.png,O
img/img016_15.png,O
img/img016_16.png,O
img/img016_17.png,O
img/img016_18.png,O
img/img016_19.png,O
img/img016_20.png,O
img/img016_21.png,O
img/img016_22.png,O
img/img016_23.png,O
img/img016_24.png,O
img/img016_25.png,O
img/img016_26.png,O
img/img016_27.png,O
img/img016_28.png,O
img/img016_29.png,O
img/img016_30.png,O
img/img016_31.png,O
img/img016_32.png,O
img/img016_33.png,O
img/img016_34.png,O
img/img016_35.png,O
img/img016_36.png,O
img/img016_37.png,O
img/img016_38.png,O
img/img016_39.png,O
img/img016_40.png,O
img/img016_41.png,O
img/img016_42.png,O
img/img016_43.png,O
img/img016_44.png,O
img/img016_45.png,O
img/img016_46.png,O
img/img016_47.png,O
img/img016_48.png,O
img/img016_49.png,O
img/img016_50.png,O
img/img016_51.png,O
img/img016_52.png,O
img/img016_53.png,O
img/img016_54.png,O
img/img016_55.png,O
img/img016_56.png,O
img/img016_57.png,O
img/img016_58.png,O
img/img016_59.png,O
img/img016_60.png,O
img/img016_61.png,O
img/img016_62.png,O
img/img016_63.png,O
img/img016_64.png,O
img/img016_65.png,O
img/img016_66.png,O
img/img016_67.png,O
img/img016_68.png,O
img/img016_69.png,O
img/img016_70.png,O
img/img016_71.png,O
img/img016_72.png,O
img/img016_73.png,O
img/img016_74.png,O
img/img016_75.png,O
img/img016_76.png,O
img/img016_77.png,O
img/img016_78.png,O
img/img016_79.png,O
img/img016_80.png,O
img/img016_81.png,O
img/img016_82.png,O
img/img016_83.png,O
img/img016_84.png,O
img/img016_85.png,O
img/img016_86.png,O
img/img016_87.png,O
img/img016_88.png,O
img/img016_89.png,O
img/img016_90.png,O
img/img016_91.png,O
img/img016_92.png,O
img/img016_93.png,O
img/img016_94.png,O
img/img016_95.png,O
img/img016_96.png,O
img/img016_97.png,O
img/img016_98.png,O
img/img016_99.png,O
img/img016_100.png,O
img/img017_1.png,Ọ
img/img017_2.png,Ọ
img/img017_3.png,Ọ
img/img017_4.png,Ọ
img/img017_5.png,Ọ
img/img017_6.png,Ọ
img/img017_7.png,Ọ
img/img017_8.png,Ọ
img/img017_9.png,Ọ
img/img017_10.png,Ọ
img/img017_11.png,Ọ
img/img017_12.png,Ọ
img/img017_13.png,Ọ
img/img017_14.png,Ọ
img/img017_15.png,Ọ
img/img017_16.png,Ọ
img/img017_17.png,Ọ
img/img017_18.png,Ọ
img/img017_19.png,Ọ
img/img017_20.png,Ọ
img/img017_21.png,Ọ
img/img017_22.png,Ọ
img/img017_23.png,Ọ
img/img017_24.png,Ọ
img/img017_25.png,Ọ
img/img017_26.png,Ọ
img/img017_27.png,Ọ
img/img017_28.png,Ọ
img/img017_29.png,Ọ
img/img017_30.png,Ọ
img/img017_31.png,Ọ
img/img017_32.png,Ọ
img/img017_33.png,Ọ
img/img017_34.png,Ọ
img/img017_35.png,Ọ
img/img017_36.png,Ọ
img/img017_37.png,Ọ
img/img017_38.png,Ọ
img/img017_39.png,Ọ
img/img017_40.png,Ọ
img/img017_41.png,Ọ
img/img017_42.png,Ọ
img/img017_43.png,Ọ
img/img017_44.png,Ọ
img/img017_45.png,Ọ
img/img017_46.png,Ọ
img/img017_47.png,Ọ
img/img017_48.png,Ọ
img/img017_49.png,Ọ
img/img017_50.png,Ọ
img/img017_51.png,Ọ
img/img017_52.png,Ọ
img/img017_53.png,Ọ
img/img017_54.png,Ọ
img/img017_55.png,Ọ
img/img017_56.png,Ọ
img/img017_57.png,Ọ
img/img017_58.png,Ọ
img/img017_59.png,Ọ
img/img017_60.png,Ọ
img/img017_61.png,Ọ
img/img017_62.png,Ọ
img/img017_63.png,Ọ
img/img017_64.png,Ọ
img/img017_65.png,Ọ
img/img017_66.png,Ọ
img/img017_67.png,Ọ
img/img017_68.png,Ọ
img/img017_69.png,Ọ
img/img017_70.png,Ọ
img/img017_71.png,Ọ
img/img017_72.png,Ọ
img/img017_73.png,Ọ
img/img017_74.png,Ọ
img/img017_75.png,Ọ
img/img017_76.png,Ọ
img/img017_77.png,Ọ
img/img017_78.png,Ọ
img/img017_79.png,Ọ
img/img017_80.png,Ọ
img/img017_81.png,Ọ
img/img017_82.png,Ọ
img/img017_83.png,Ọ
img/img017_84.png,Ọ
img/img017_85.png,Ọ
img/img017_86.png,Ọ
img/img017_87.png,Ọ
img/img017_88.png,Ọ
img/img017_89.png,Ọ
img/img017_90.png,Ọ
img/img017_91.png,Ọ
img/img017_92.png,Ọ
img/img017_93.png,Ọ
img/img017_94.png,Ọ
img/img017_95.png,Ọ
img/img017_96.png,Ọ
img/img017_97.png,Ọ
img/img017_98.png,Ọ
img/img017_99.png,Ọ
img/img017_100.png,Ọ
img/img018_1.png,P
img/img018_2.png,P
img/img018_3.png,P
img/img018_4.png,P
img/img018_5.png,P
img/img018_6.png,P
img/img018_7.png,P
img/img018_8.png,P
img/img018_9.png,P
img/img018_10.png,P
img/img018_11.png,P
img/img018_12.png,P
img/img018_13.png,P
img/img018_14.png,P
img/img018_15.png,P
img/img018_16.png,P
img/img018_17.png,P
img/img018_18.png,P
img/img018_19.png,P
img/img018_20.png,P
img/img018_21.png,P
img/img018_22.png,P
img/img018_23.png,P
img/img018_24.png,P
img/img018_25.png,P
img/img018_26.png,P
img/img018_27.png,P
img/img018_28.png,P
img/img018_29.png,P
img/img018_30.png,P
img/img018_31.png,P
img/img018_32.png,P
img/img018_33.png,P
img/img018_34.png,P
img/img018_35.png,P
img/img018_36.png,P
img/img018_37.png,P
img/img018_38.png,P
img/img018_39.png,P
img/img018_40.png,P
img/img018_41.png,P
img/img018_42.png,P
img/img018_43.png,P
img/img018_44.png,P
img/img018_45.png,P
img/img018_46.png,P
img/img018_47.png,P
img/img018_48.png,P
img/img018_49.png,P
img/img018_50.png,P
img/img018_51.png,P
img/img018_52.png,P
img/img018_53.png,P
img/img018_54.png,P
img/img018_55.png,P
img/img018_56.png,P
img/img018_57.png,P
img/img018_58.png,P
img/img018_59.png,P
img/img018_60.png,P
img/img018_61.png,P
img/img018_62.png,P
img/img018_63.png,P
img/img018_64.png,P
img/img018_65.png,P
img/img018_66.png,P
img/img018_67.png,P
img/img018_68.png,P
img/img018_69.png,P
img/img018_70.png,P
img/img018_71.png,P
img/img018_72.png,P
img/img018_73.png,P
img/img018_74.png,P
img/img018_75.png,P
img/img018_76.png,P
img/img018_77.png,P
img/img018_78.png,P
img/img018_79.png,P
img/img018_80.png,P
img/img018_81.png,P
img/img018_82.png,P
img/img018_83.png,P
img/img018_84.png,P
img/img018_85.png,P
img/img018_86.png,P
img/img018_87.png,P
img/img018_88.png,P
img/img018_89.png,P
img/img018_90.png,P
img/img018_91.png,P
img/img018_92.png,P
img/img018_93.png,P
img/img018_94.png,P
img/img018_95.png,P
img/img018_96.png,P
img/img018_97.png,P
img/img018_98.png,P
img/img018_99.png,P
img/img018_100.png,P
img/img019_1.png,R
img/img019_2.png,R
img/img019_3.png,R
img/img019_4.png,R
img/img019_5.png,R
img/img019_6.png,R
img/img019_7.png,R
img/img019_8.png,R
img/img019_9.png,R
img/img019_10.png,R
img/img019_11.png,R
img/img019_12.png,R
img/img019_13.png,R
img/img019_14.png,R
img/img019_15.png,R
img/img019_16.png,R
img/img019_17.png,R
img/img019_18.png,R
img/img019_19.png,R
img/img019_20.png,R
img/img019_21.png,R
img/img019_22.png,R
img/img019_23.png,R
img/img019_24.png,R
img/img019_25.png,R
img/img019_26.png,R
img/img019_27.png,R
img/img019_28.png,R
img/img019_29.png,R
img/img019_30.png,R
img/img019_31.png,R
img/img019_32.png,R
img/img019_33.png,R
img/img019_34.png,R
img/img019_35.png,R
img/img019_36.png,R
img/img019_37.png,R
img/img019_38.png,R
img/img019_39.png,R
img/img019_40.png,R
img/img019_41.png,R
img/img019_42.png,R
img/img019_43.png,R
img/img019_44.png,R
img/img019_45.png,R
img/img019_46.png,R
img/img019_47.png,R
img/img019_48.png,R
img/img019_49.png,R
img/img019_50.png,R
img/img019_51.png,R
img/img019_52.png,R
img/img019_53.png,R
img/img019_54.png,R
img/img019_55.png,R
img/img019_56.png,R
img/img019_57.png,R
img/img019_58.png,R
img/img019_59.png,R
img/img019_60.png,R
img/img019_61.png,R
img/img019_62.png,R
img/img019_63.png,R
img/img019_64.png,R
img/img019_65.png,R
img/img019_66.png,R
img/img019_67.png,R
img/img019_68.png,R
img/img019_69.png,R
img/img019_70.png,R
img/img019_71.png,R
img/img019_72.png,R
img/img019_73.png,R
img/img019_74.png,R
img/img019_75.png,R
img/img019_76.png,R
img/img019_77.png,R
img/img019_78.png,R
img/img019_79.png,R
img/img019_80.png,R
img/img019_81.png,R
img/img019_82.png,R
img/img019_83.png,R
img/img019_84.png,R
img/img019_85.png,R
img/img019_86.png,R
img/img019_87.png,R
img/img019_88.png,R
img/img019_89.png,R
img/img019_90.png,R
img/img019_91.png,R
img/img019_92.png,R
img/img019_93.png,R
img/img019_94.png,R
img/img019_95.png,R
img/img019_96.png,R
img/img019_97.png,R
img/img019_98.png,R
img/img019_99.png,R
img/img019_100.png,R
img/img020_1.png,S
img/img020_2.png,S
img/img020_3.png,S
img/img020_4.png,S
img/img020_5.png,S
img/img020_6.png,S
img/img020_7.png,S
img/img020_8.png,S
img/img020_9.png,S
img/img020_10.png,S
img/img020_11.png,S
img/img020_12.png,S
img/img020_13.png,S
img/img020_14.png,S
img/img020_15.png,S
img/img020_16.png,S
img/img020_17.png,S
img/img020_18.png,S
img/img020_19.png,S
img/img020_20.png,S
img/img020_21.png,S
img/img020_22.png,S
img/img020_23.png,S
img/img020_24.png,S
img/img020_25.png,S
img/img020_26.png,S
img/img020_27.png,S
img/img020_28.png,S
img/img020_29.png,S
img/img020_30.png,S
img/img020_31.png,S
img/img020_32.png,S
img/img020_33.png,S
img/img020_34.png,S
img/img020_35.png,S
img/img020_36.png,S
img/img020_37.png,S
img/img020_38.png,S
img/img020_39.png,S
img/img020_40.png,S
img/img020_41.png,S
img/img020_42.png,S
img/img020_43.png,S
img/img020_44.png,S
img/img020_45.png,S
img/img020_46.png,S
img/img020_47.png,S
img/img020_48.png,S
img/img020_49.png,S
img/img020_50.png,S
img/img020_51.png,S
img/img020_52.png,S
img/img020_53.png,S
img/img020_54.png,S
img/img020_55.png,S
img/img020_56.png,S
img/img020_57.png,S
img/img020_58.png,S
img/img020_59.png,S
img/img020_60.png,S
img/img020_61.png,S
img/img020_62.png,S
img/img020_63.png,S
img/img020_64.png,S
img/img020_65.png,S
img/img020_66.png,S
img/img020_67.png,S
img/img020_68.png,S
img/img020_69.png,S
img/img020_70.png,S
img/img020_71.png,S
img/img020_72.png,S
img/img020_73.png,S
img/img020_74.png,S
img/img020_75.png,S
img/img020_76.png,S
img/img020_77.png,S
img/img020_78.png,S
img/img020_79.png,S
img/img020_80.png,S
img/img020_81.png,S
img/img020_82.png,S
img/img020_83.png,S
img/img020_84.png,S
img/img020_85.png,S
img/img020_86.png,S
img/img020_87.png,S
img/img020_88.png,S
img/img020_89.png,S
img/img020_90.png,S
img/img020_91.png,S
img/img020_92.png,S
img/img020_93.png,S
img/img020_94.png,S
img/img020_95.png,S
img/img020_96.png,S
img/img020_97.png,S
img/img020_98.png,S
img/img020_99.png,S
img/img020_100.png,S
img/img021_1.png,Ṣ
img/img021_2.png,Ṣ
img/img021_3.png,Ṣ
img/img021_4.png,Ṣ
img/img021_5.png,Ṣ
img/img021_6.png,Ṣ
img/img021_7.png,Ṣ
img/img021_8.png,Ṣ
img/img021_9.png,Ṣ
img/img021_10.png,Ṣ
img/img021_11.png,Ṣ
img/img021_12.png,Ṣ
img/img021_13.png,Ṣ
img/img021_14.png,Ṣ
img/img021_15.png,Ṣ
img/img021_16.png,Ṣ
img/img021_17.png,Ṣ
img/img021_18.png,Ṣ
img/img021_19.png,Ṣ
img/img021_20.png,Ṣ
img/img021_21.png,Ṣ
img/img021_22.png,Ṣ
img/img021_23.png,Ṣ
img/img021_24.png,Ṣ
img/img021_25.png,Ṣ
img/img021_26.png,Ṣ
img/img021_27.png,Ṣ
img/img021_28.png,Ṣ
img/img021_29.png,Ṣ
img/img021_30.png,Ṣ
img/img021_31.png,Ṣ
img/img021_32.png,Ṣ
img/img021_33.png,Ṣ
img/img021_34.png,Ṣ
img/img021_35.png,Ṣ
img/img021_36.png,Ṣ
img/img021_37.png,Ṣ
img/img021_38.png,Ṣ
img/img021_39.png,Ṣ
img/img021_40.png,Ṣ
img/img021_41.png,Ṣ
img/img021_42.png,Ṣ
img/img021_43.png,Ṣ
img/img021_44.png,Ṣ
img/img021_45.png,Ṣ
img/img021_46.png,Ṣ
img/img021_47.png,Ṣ
img/img021_48.png,Ṣ
img/img021_49.png,Ṣ
img/img021_50.png,Ṣ
img/img021_51.png,Ṣ
img/img021_52.png,Ṣ
img/img021_53.png,Ṣ
img/img021_54.png,Ṣ
img/img021_55.png,Ṣ
img/img021_56.png,Ṣ
img/img021_57.png,Ṣ
img/img021_58.png,Ṣ
img/img021_59.png,Ṣ
img/img021_60.png,Ṣ
img/img021_61.png,Ṣ
img/img021_62.png,Ṣ
img/img021_63.png,Ṣ
img/img021_64.png,Ṣ
img/img021_65.png,Ṣ
img/img021_66.png,Ṣ
img/img021_67.png,Ṣ
img/img021_68.png,Ṣ
img/img021_69.png,Ṣ
img/img021_70.png,Ṣ
img/img021_71.png,Ṣ
img/img021_72.png,Ṣ
img/img021_73.png,Ṣ
img/img021_74.png,Ṣ
img/img021_75.png,Ṣ
img/img021_76.png,Ṣ
img/img021_77.png,Ṣ
img/img021_78.png,Ṣ
img/img021_79.png,Ṣ
img/img021_80.png,Ṣ
img/img021_81.png,Ṣ
img/img021_82.png,Ṣ
img/img021_83.png,Ṣ
img/img021_84.png,Ṣ
img/img021_85.png,Ṣ
img/img021_86.png,Ṣ
img/img021_87.png,Ṣ
img/img021_88.png,Ṣ
img/img021_89.png,Ṣ
img/img021_90.png,Ṣ
img/img021_91.png,Ṣ
img/img021_92.png,Ṣ
img/img021_93.png,Ṣ
img/img021_94.png,Ṣ
img/img021_95.png,Ṣ
img/img021_96.png,Ṣ
img/img021_97.png,Ṣ
img/img021_98.png,Ṣ
img/img021_99.png,Ṣ
img/img021_100.png,Ṣ
img/img022_1.png,T
img/img022_2.png,T
img/img022_3.png,T
img/img022_4.png,T
img/img022_5.png,T
img/img022_6.png,T
img/img022_7.png,T
img/img022_8.png,T
img/img022_9.png,T
img/img022_10.png,T
img/img022_11.png,T
img/img022_12.png,T
img/img022_13.png,T
img/img022_14.png,T
img/img022_15.png,T
img/img022_16.png,T
img/img022_17.png,T
img/img022_18.png,T
img/img022_19.png,T
img/img022_20.png,T
img/img022_21.png,T
img/img022_22.png,T
img/img022_23.png,T
img/img022_24.png,T
img/img022_25.png,T
img/img022_26.png,T
img/img022_27.png,T
img/img022_28.png,T
img/img022_29.png,T
img/img022_30.png,T
img/img022_31.png,T
img/img022_32.png,T
img/img022_33.png,T
img/img022_34.png,T
img/img022_35.png,T
img/img022_36.png,T
img/img022_37.png,T
img/img022_38.png,T
img/img022_39.png,T
img/img022_40.png,T
img/img022_41.png,T
img/img022_42.png,T
img/img022_43.png,T
img/img022_44.png,T
img/img022_45.png,T
img/img022_46.png,T
img/img022_47.png,T
img/img022_48.png,T
img/img022_49.png,T
img/img022_50.png,T
img/img022_51.png,T
img/img022_52.png,T
img/img022_53.png,T
img/img022_54.png,T
img/img022_55.png,T
img/img022_56.png,T
img/img022_57.png,T
img/img022_58.png,T
img/img022_59.png,T
img/img022_60.png,T
img/img022_61.png,T
img/img022_62.png,T
img/img022_63.png,T
img/img022_64.png,T
img/img022_65.png,T
img/img022_66.png,T
img/img022_67.png,T
img/img022_68.png,T
img/img022_69.png,T
img/img022_70.png,T
img/img022_71.png,T
img/img022_72.png,T
img/img022_73.png,T
img/img022_74.png,T
img/img022_75.png,T
img/img022_76.png,T
img/img022_77.png,T
img/img022_78.png,T
img/img022_79.png,T
img/img022_80.png,T
img/img022_81.png,T
img/img022_82.png,T
img/img022_83.png,T
img/img022_84.png,T
img/img022_85.png,T
img/img022_86.png,T
img/img022_87.png,T
img/img022_88.png,T
img/img022_89.png,T
img/img022_90.png,T
img/img022_91.png,T
img/img022_92.png,T
img/img022_93.png,T
img/img022_94.png,T
img/img022_95.png,T
img/img022_96.png,T
img/img022_97.png,T
img/img022_98.png,T
img/img022_99.png,T
img/img022_100.png,T
img/img023_1.png,U
img/img023_2.png,U
img/img023_3.png,U
img/img023_4.png,U
img/img023_5.png,U
img/img023_6.png,U
img/img023_7.png,U
img/img023_8.png,U
img/img023_9.png,U
img/img023_10.png,U
img/img023_11.png,U
img/img023_12.png,U
img/img023_13.png,U
img/img023_14.png,U
img/img023_15.png,U
img/img023_16.png,U
img/img023_17.png,U
img/img023_18.png,U
img/img023_19.png,U
img/img023_20.png,U
img/img023_21.png,U
img/img023_22.png,U
img/img023_23.png,U
img/img023_24.png,U
img/img023_25.png,U
img/img023_26.png,U
img/img023_27.png,U
img/img023_28.png,U
img/img023_29.png,U
img/img023_30.png,U
img/img023_31.png,U
img/img023_32.png,U
img/img023_33.png,U
img/img023_34.png,U
img/img023_35.png,U
img/img023_36.png,U
img/img023_37.png,U
img/img023_38.png,U
img/img023_39.png,U
img/img023_40.png,U
img/img023_41.png,U
img/img023_42.png,U
img/img023_43.png,U
img/img023_44.png,U
img/img023_45.png,U
img/img023_46.png,U
img/img023_47.png,U
img/img023_48.png,U
img/img023_49.png,U
img/img023_50.png,U
img/img023_51.png,U
img/img023_52.png,U
img/img023_53.png,U
img/img023_54.png,U
img/img023_55.png,U
img/img023_56.png,U
img/img023_57.png,U
img/img023_58.png,U
img/img023_59.png,U
img/img023_60.png,U
img/img023_61.png,U
img/img023_62.png,U
img/img023_63.png,U
img/img023_64.png,U
img/img023_65.png,U
img/img023_66.png,U
img/img023_67.png,U
img/img023_68.png,U
img/img023_69.png,U
img/img023_70.png,U
img/img023_71.png,U
img/img023_72.png,U
img/img023_73.png,U
img/img023_74.png,U
img/img023_75.png,U
img/img023_76.png,U
img/img023_77.png,U
img/img023_78.png,U
img/img023_79.png,U
img/img023_80.png,U
img/img023_81.png,U
img/img023_82.png,U
img/img023_83.png,U
img/img023_84.png,U
img/img023_85.png,U
img/img023_86.png,U
img/img023_87.png,U
img/img023_88.png,U
img/img023_89.png,U
img/img023_90.png,U
img/img023_91.png,U
img/img023_92.png,U
img/img023_93.png,U
img/img023_94.png,U
img/img023_95.png,U
img/img023_96.png,U
img/img023_97.png,U
img/img023_98.png,U
img/img023_99.png,U
img/img023_100.png,U
img/img024_1.png,W
img/img024_2.png,W
img/img024_3.png,W
img/img024_4.png,W
img/img024_5.png,W
img/img024_6.png,W
img/img024_7.png,W
img/img024_8.png,W
img/img024_9.png,W
img/img024_10.png,W
img/img024_11.png,W
img/img024_12.png,W
img/img024_13.png,W
img/img024_14.png,W
img/img024_15.png,W
img/img024_16.png,W
img/img024_17.png,W
img/img024_18.png,W
img/img024_19.png,W
img/img024_20.png,W
img/img024_21.png,W
img/img024_22.png,W
img/img024_23.png,W
img/img024_24.png,W
img/img024_25.png,W
img/img024_26.png,W
img/img024_27.png,W
img/img024_28.png,W
img/img024_29.png,W
img/img024_30.png,W
img/img024_31.png,W
img/img024_32.png,W
img/img024_33.png,W
img/img024_34.png,W
img/img024_35.png,W
img/img024_36.png,W
img/img024_37.png,W
img/img024_38.png,W
img/img024_39.png,W
img/img024_40.png,W
img/img024_41.png,W
img/img024_42.png,W
img/img024_43.png,W
img/img024_44.png,W
img/img024_45.png,W
img/img024_46.png,W
img/img024_47.png,W
img/img024_48.png,W
img/img024_49.png,W
img/img024_50.png,W
img/img024_51.png,W
img/img024_52.png,W
img/img024_53.png,W
img/img024_54.png,W
img/img024_55.png,W
img/img024_56.png,W
img/img024_57.png,W
img/img024_58.png,W
img/img024_59.png,W
img/img024_60.png,W
img/img024_61.png,W
img/img024_62.png,W
img/img024_63.png,W
img/img024_64.png,W
img/img024_65.png,W
img/img024_66.png,W
img/img024_67.png,W
img/img024_68.png,W
img/img024_69.png,W
img/img024_70.png,W
img/img024_71.png,W
img/img024_72.png,W
img/img024_73.png,W
img/img024_74.png,W
img/img024_75.png,W
img/img024_76.png,W
img/img024_77.png,W
img/img024_78.png,W
img/img024_79.png,W
img/img024_80.png,W
img/img024_81.png,W
img/img024_82.png,W
img/img024_83.png,W
img/img024_84.png,W
img/img024_85.png,W
img/img024_86.png,W
img/img024_87.png,W
img/img024_88.png,W
img/img024_89.png,W
img/img024_90.png,W
img/img024_91.png,W
img/img024_92.png,W
img/img024_93.png,W
img/img024_94.png,W
img/img024_95.png,W
img/img024_96.png,W
img/img024_97.png,W
img/img024_98.png,W
img/img024_99.png,W
img/img024_100.png,W
img/img025_1.png,Y
img/img025_2.png,Y
img/img025_3.png,Y
img/img025_4.png,Y
img/img025_5.png,Y
img/img025_6.png,Y
img/img025_7.png,Y
img/img025_8.png,Y
img/img025_9.png,Y
img/img025_10.png,Y
img/img025_11.png,Y
img/img025_12.png,Y
img/img025_13.png,Y
img/img025_14.png,Y
img/img025_15.png,Y
img/img025_16.png,Y
img/img025_17.png,Y
img/img025_18.png,Y
img/img025_19.png,Y
img/img025_20.png,Y
img/img025_21.png,Y
img/img025_22.png,Y
img/img025_23.png,Y
img/img025_24.png,Y
img/img025_25.png,Y
img/img025_26.png,Y
img/img025_27.png,Y
img/img025_28.png,Y
img/img025_29.png,Y
img/img025_30.png,Y
img/img025_31.png,Y
img/img025_32.png,Y
img/img025_33.png,Y
img/img025_34.png,Y
img/img025_35.png,Y
img/img025_36.png,Y
img/img025_37.png,Y
img/img025_38.png,Y
img/img025_39.png,Y
img/img025_40.png,Y
img/img025_41.png,Y
img/img025_42.png,Y
img/img025_43.png,Y
img/img025_44.png,Y
img/img025_45.png,Y
img/img025_46.png,Y
img/img025_47.png,Y
img/img025_48.png,Y
img/img025_49.png,Y
img/img025_50.png,Y
img/img025_51.png,Y
img/img025_52.png,Y
img/img025_53.png,Y
img/img025_54.png,Y
img/img025_55.png,Y
img/img025_56.png,Y
img/img025_57.png,Y
img/img025_58.png,Y
img/img025_59.png,Y
img/img025_60.png,Y
img/img025_61.png,Y
img/img025_62.png,Y
img/img025_63.png,Y
img/img025_64.png,Y
img/img025_65.png,Y
img/img025_66.png,Y
img/img025_67.png,Y
img/img025_68.png,Y
img/img025_69.png,Y
img/img025_70.png,Y
img/img025_71.png,Y
img/img025_72.png,Y
img/img025_73.png,Y
img/img025_74.png,Y
img/img025_75.png,Y
img/img025_76.png,Y
img/img025_77.png,Y
img/img025_78.png,Y
img/img025_79.png,Y
img/img025_80.png,Y
img/img025_81.png,Y
img/img025_82.png,Y
img/img025_83.png,Y
img/img025_84.png,Y
img/img025_85.png,Y
img/img025_86.png,Y
img/img025_87.png,Y
img/img025_88.png,Y
img/img025_89.png,Y
img/img025_90.png,Y
img/img025_91.png,Y
img/img025_92.png,Y
img/img025_93.png,Y
img/img025_94.png,Y
img/img025_95.png,Y
img/img025_96.png,Y
img/img025_97.png,Y
img/img025_98.png,Y
img/img025_99.png,Y
img/img025_100.png,Y
img/img026_1.png,a
img/img026_2.png,a
img/img026_3.png,a
img/img026_4.png,a
img/img026_5.png,a
img/img026_6.png,a
img/img026_7.png,a
img/img026_8.png,a
img/img026_9.png,a
img/img026_10.png,a
img/img026_11.png,a
img/img026_12.png,a
img/img026_13.png,a
img/img026_14.png,a
img/img026_15.png,a
img/img026_16.png,a
img/img026_17.png,a
img/img026_18.png,a
img/img026_19.png,a
img/img026_20.png,a
img/img026_21.png,a
img/img026_22.png,a
img/img026_23.png,a
img/img026_24.png,a
img/img026_25.png,a
img/img026_26.png,a
img/img026_27.png,a
img/img026_28.png,a
img/img026_29.png,a
img/img026_30.png,a
img/img026_31.png,a
img/img026_32.png,a
img/img026_33.png,a
img/img026_34.png,a
img/img026_35.png,a
img/img026_36.png,a
img/img026_37.png,a
img/img026_38.png,a
img/img026_39.png,a
img/img026_40.png,a
img/img026_41.png,a
img/img026_42.png,a
img/img026_43.png,a
img/img026_44.png,a
img/img026_45.png,a
img/img026_46.png,a
img/img026_47.png,a
img/img026_48.png,a
img/img026_49.png,a
img/img026_50.png,a
img/img026_51.png,a
img/img026_52.png,a
img/img026_53.png,a
img/img026_54.png,a
img/img026_55.png,a
img/img026_56.png,a
img/img026_57.png,a
img/img026_58.png,a
img/img026_59.png,a
img/img026_60.png,a
img/img026_61.png,a
img/img026_62.png,a
img/img026_63.png,a
img/img026_64.png,a
img/img026_65.png,a
img/img026_66.png,a
img/img026_67.png,a
img/img026_68.png,a
img/img026_69.png,a
img/img026_70.png,a
img/img026_71.png,a
img/img026_72.png,a
img/img026_73.png,a
img/img026_74.png,a
img/img026_75.png,a
img/img026_76.png,a
img/img026_77.png,a
img/img026_78.png,a
img/img026_79.png,a
img/img026_80.png,a
img/img026_81.png,a
img/img026_82.png,a
img/img026_83.png,a
img/img026_84.png,a
img/img026_85.png,a
img/img026_86.png,a
img/img026_87.png,a
img/img026_88.png,a
img/img026_89.png,a
img/img026_90.png,a
img/img026_91.png,a
img/img026_92.png,a
img/img026_93.png,a
img/img026_94.png,a
img/img026_95.png,a
img/img026_96.png,a
img/img026_97.png,a
img/img026_98.png,a
img/img026_99.png,a
img/img026_100.png,a
img/img027_1.png,b
img/img027_2.png,b
img/img027_3.png,b
img/img027_4.png,b
img/img027_5.png,b
img/img027_6.png,b
img/img027_7.png,b
img/img027_8.png,b
img/img027_9.png,b
img/img027_10.png,b
img/img027_11.png,b
img/img027_12.png,b
img/img027_13.png,b
img/img027_14.png,b
img/img027_15.png,b
img/img027_16.png,b
img/img027_17.png,b
img/img027_18.png,b
img/img027_19.png,b
img/img027_20.png,b
img/img027_21.png,b
img/img027_22.png,b
img/img027_23.png,b
img/img027_24.png,b
img/img027_25.png,b
img/img027_26.png,b
img/img027_27.png,b
img/img027_28.png,b
img/img027_29.png,b
img/img027_30.png,b
img/img027_31.png,b
img/img027_32.png,b
img/img027_33.png,b
img/img027_34.png,b
img/img027_35.png,b
img/img027_36.png,b
img/img027_37.png,b
img/img027_38.png,b
img/img027_39.png,b
img/img027_40.png,b
img/img027_41.png,b
img/img027_42.png,b
img/img027_43.png,b
img/img027_44.png,b
img/img027_45.png,b
img/img027_46.png,b
img/img027_47.png,b
img/img027_48.png,b
img/img027_49.png,b
img/img027_50.png,b
img/img027_51.png,b
img/img027_52.png,b
img/img027_53.png,b
img/img027_54.png,b
img/img027_55.png,b
img/img027_56.png,b
img/img027_57.png,b
img/img027_58.png,b
img/img027_59.png,b
img/img027_60.png,b
img/img027_61.png,b
img/img027_62.png,b
img/img027_63.png,b
img/img027_64.png,b
img/img027_65.png,b
img/img027_66.png,b
img/img027_67.png,b
img/img027_68.png,b
img/img027_69.png,b
img/img027_70.png,b
img/img027_71.png,b
img/img027_72.png,b
img/img027_73.png,b
img/img027_74.png,b
img/img027_75.png,b
img/img027_76.png,b
img/img027_77.png,b
img/img027_78.png,b
img/img027_79.png,b
img/img027_80.png,b
img/img027_81.png,b
img/img027_82.png,b
img/img027_83.png,b
img/img027_84.png,b
img/img027_85.png,b
img/img027_86.png,b
img/img027_87.png,b
img/img027_88.png,b
img/img027_89.png,b
img/img027_90.png,b
img/img027_91.png,b
img/img027_92.png,b
img/img027_93.png,b
img/img027_94.png,b
img/img027_95.png,b
img/img027_96.png,b
img/img027_97.png,b
img/img027_98.png,b
img/img027_99.png,b
img/img027_100.png,b
img/img028_1.png,d
img/img028_2.png,d
img/img028_3.png,d
img/img028_4.png,d
img/img028_5.png,d
img/img028_6.png,d
img/img028_7.png,d
img/img028_8.png,d
img/img028_9.png,d
img/img028_10.png,d
img/img028_11.png,d
img/img028_12.png,d
img/img028_13.png,d
img/img028_14.png,d
img/img028_15.png,d
img/img028_16.png,d
img/img028_17.png,d
img/img028_18.png,d
img/img028_19.png,d
img/img028_20.png,d
img/img028_21.png,d
img/img028_22.png,d
img/img028_23.png,d
img/img028_24.png,d
img/img028_25.png,d
img/img028_26.png,d
img/img028_27.png,d
img/img028_28.png,d
img/img028_29.png,d
img/img028_30.png,d
img/img028_31.png,d
img/img028_32.png,d
img/img028_33.png,d
img/img028_34.png,d
img/img028_35.png,d
img/img028_36.png,d
img/img028_37.png,d
img/img028_38.png,d
img/img028_39.png,d
img/img028_40.png,d
img/img028_41.png,d
img/img028_42.png,d
img/img028_43.png,d
img/img028_44.png,d
img/img028_45.png,d
img/img028_46.png,d
img/img028_47.png,d
img/img028_48.png,d
img/img028_49.png,d
img/img028_50.png,d
img/img028_51.png,d
img/img028_52.png,d
img/img028_53.png,d
img/img028_54.png,d
img/img028_55.png,d
img/img028_56.png,d
img/img028_57.png,d
img/img028_58.png,d
img/img028_59.png,d
img/img028_60.png,d
img/img028_61.png,d
img/img028_62.png,d
img/img028_63.png,d
img/img028_64.png,d
img/img028_65.png,d
img/img028_66.png,d
img/img028_67.png,d
img/img028_68.png,d
img/img028_69.png,d
img/img028_70.png,d
img/img028_71.png,d
img/img028_72.png,d
img/img028_73.png,d
img/img028_74.png,d
img/img028_75.png,d
img/img028_76.png,d
img/img028_77.png,d
img/img028_78.png,d
img/img028_79.png,d
img/img028_80.png,d
img/img028_81.png,d
img/img028_82.png,d
img/img028_83.png,d
img/img028_84.png,d
img/img028_85.png,d
img/img028_86.png,d
img/img028_87.png,d
img/img028_88.png,d
img/img028_89.png,d
img/img028_90.png,d
img/img028_91.png,d
img/img028_92.png,d
img/img028_93.png,d
img/img028_94.png,d
img/img028_95.png,d
img/img028_96.png,d
img/img028_97.png,d
img/img028_98.png,d
img/img028_99.png,d
img/img028_100.png,d
img/img029_1.png,e
img/img029_2.png,e
img/img029_3.png,e
img/img029_4.png,e
img/img029_5.png,e
img/img029_6.png,e
img/img029_7.png,e
img/img029_8.png,e
img/img029_9.png,e
img/img029_10.png,e
img/img029_11.png,e
img/img029_12.png,e
img/img029_13.png,e
img/img029_14.png,e
img/img029_15.png,e
img/img029_16.png,e
img/img029_17.png,e
img/img029_18.png,e
img/img029_19.png,e
img/img029_20.png,e
img/img029_21.png,e
img/img029_22.png,e
img/img029_23.png,e
img/img029_24.png,e
img/img029_25.png,e
img/img029_26.png,e
img/img029_27.png,e
img/img029_28.png,e
img/img029_29.png,e
img/img029_30.png,e
img/img029_31.png,e
img/img029_32.png,e
img/img029_33.png,e
img/img029_34.png,e
img/img029_35.png,e
img/img029_36.png,e
img/img029_37.png,e
img/img029_38.png,e
img/img029_39.png,e
img/img029_40.png,e
img/img029_41.png,e
img/img029_42.png,e
img/img029_43.png,e
img/img029_44.png,e
img/img029_45.png,e
img/img029_46.png,e
img/img029_47.png,e
img/img029_48.png,e
img/img029_49.png,e
img/img029_50.png,e
img/img029_51.png,e
img/img029_52.png,e
img/img029_53.png,e
img/img029_54.png,e
img/img029_55.png,e
img/img029_56.png,e
img/img029_57.png,e
img/img029_58.png,e
img/img029_59.png,e
img/img029_60.png,e
img/img029_61.png,e
img/img029_62.png,e
img/img029_63.png,e
img/img029_64.png,e
img/img029_65.png,e
img/img029_66.png,e
img/img029_67.png,e
img/img029_68.png,e
img/img029_69.png,e
img/img029_70.png,e
img/img029_71.png,e
img/img029_72.png,e
img/img029_73.png,e
img/img029_74.png,e
img/img029_75.png,e
img/img029_76.png,e
img/img029_77.png,e
img/img029_78.png,e
img/img029_79.png,e
img/img029_80.png,e
img/img029_81.png,e
img/img029_82.png,e
img/img029_83.png,e
img/img029_84.png,e
img/img029_85.png,e
img/img029_86.png,e
img/img029_87.png,e
img/img029_88.png,e
img/img029_89.png,e
img/img029_90.png,e
img/img029_91.png,e
img/img029_92.png,e
img/img029_93.png,e
img/img029_94.png,e
img/img029_95.png,e
img/img029_96.png,e
img/img029_97.png,e
img/img029_98.png,e
img/img029_99.png,e
img/img029_100.png,e
img/img030_1.png,ẹ
img/img030_2.png,ẹ
img/img030_3.png,ẹ
img/img030_4.png,ẹ
img/img030_5.png,ẹ
img/img030_6.png,ẹ
img/img030_7.png,ẹ
img/img030_8.png,ẹ
img/img030_9.png,ẹ
img/img030_10.png,ẹ
img/img030_11.png,ẹ
img/img030_12.png,ẹ
img/img030_13.png,ẹ
img/img030_14.png,ẹ
img/img030_15.png,ẹ
img/img030_16.png,ẹ
img/img030_17.png,ẹ
img/img030_18.png,ẹ
img/img030_19.png,ẹ
img/img030_20.png,ẹ
img/img030_21.png,ẹ
img/img030_22.png,ẹ
img/img030_23.png,ẹ
img/img030_24.png,ẹ
img/img030_25.png,ẹ
img/img030_26.png,ẹ
img/img030_27.png,ẹ
img/img030_28.png,ẹ
img/img030_29.png,ẹ
img/img030_30.png,ẹ
img/img030_31.png,ẹ
img/img030_32.png,ẹ
img/img030_33.png,ẹ
img/img030_34.png,ẹ
img/img030_35.png,ẹ
img/img030_36.png,ẹ
img/img030_37.png,ẹ
img/img030_38.png,ẹ
img/img030_39.png,ẹ
img/img030_40.png,ẹ
img/img030_41.png,ẹ
img/img030_42.png,ẹ
img/img030_43.png,ẹ
img/img030_44.png,ẹ
img/img030_45.png,ẹ
img/img030_46.png,ẹ
img/img030_47.png,ẹ
img/img030_48.png,ẹ
img/img030_49.png,ẹ
img/img030_50.png,ẹ
img/img030_51.png,ẹ
img/img030_52.png,ẹ
img/img030_53.png,ẹ
img/img030_54.png,ẹ
img/img030_55.png,ẹ
img/img030_56.png,ẹ
img/img030_57.png,ẹ
img/img030_58.png,ẹ
img/img030_59.png,ẹ
img/img030_60.png,ẹ
img/img030_61.png,ẹ
img/img030_62.png,ẹ
img/img030_63.png,ẹ
img/img030_64.png,ẹ
img/img030_65.png,ẹ
img/img030_66.png,ẹ
img/img030_67.png,ẹ
img/img030_68.png,ẹ
img/img030_69.png,ẹ
img/img030_70.png,ẹ
img/img030_71.png,ẹ
img/img030_72.png,ẹ
img/img030_73.png,ẹ
img/img030_74.png,ẹ
img/img030_75.png,ẹ
img/img030_76.png,ẹ
img/img030_77.png,ẹ
img/img030_78.png,ẹ
img/img030_79.png,ẹ
img/img030_80.png,ẹ
img/img030_81.png,ẹ
img/img030_82.png,ẹ
img/img030_83.png,ẹ
img/img030_84.png,ẹ
img/img030_85.png,ẹ
img/img030_86.png,ẹ
img/img030_87.png,ẹ
img/img030_88.png,ẹ
img/img030_89.png,ẹ
img/img030_90.png,ẹ
img/img030_91.png,ẹ
img/img030_92.png,ẹ
img/img030_93.png,ẹ
img/img030_94.png,ẹ
img/img030_95.png,ẹ
img/img030_96.png,ẹ
img/img030_97.png,ẹ
img/img030_98.png,ẹ
img/img030_99.png,ẹ
img/img030_100.png,ẹ
img/img031_1.png,f
img/img031_2.png,f
img/img031_3.png,f
img/img031_4.png,f
img/img031_5.png,f
img/img031_6.png,f
img/img031_7.png,f
img/img031_8.png,f
img/img031_9.png,f
img/img031_10.png,f
img/img031_11.png,f
img/img031_12.png,f
img/img031_13.png,f
img/img031_14.png,f
img/img031_15.png,f
img/img031_16.png,f
img/img031_17.png,f
img/img031_18.png,f
img/img031_19.png,f
img/img031_20.png,f
img/img031_21.png,f
img/img031_22.png,f
img/img031_23.png,f
img/img031_24.png,f
img/img031_25.png,f
img/img031_26.png,f
img/img031_27.png,f
img/img031_28.png,f
img/img031_29.png,f
img/img031_30.png,f
img/img031_31.png,f
img/img031_32.png,f
img/img031_33.png,f
img/img031_34.png,f
img/img031_35.png,f
img/img031_36.png,f
img/img031_37.png,f
img/img031_38.png,f
img/img031_39.png,f
img/img031_40.png,f
img/img031_41.png,f
img/img031_42.png,f
img/img031_43.png,f
img/img031_44.png,f
img/img031_45.png,f
img/img031_46.png,f
img/img031_47.png,f
img/img031_48.png,f
img/img031_49.png,f
img/img031_50.png,f
img/img031_51.png,f
img/img031_52.png,f
img/img031_53.png,f
img/img031_54.png,f
img/img031_55.png,f
img/img031_56.png,f
img/img031_57.png,f
img/img031_58.png,f
img/img031_59.png,f
img/img031_60.png,f
img/img031_61.png,f
img/img031_62.png,f
img/img031_63.png,f
img/img031_64.png,f
img/img031_65.png,f
img/img031_66.png,f
img/img031_67.png,f
img/img031_68.png,f
img/img031_69.png,f
img/img031_70.png,f
img/img031_71.png,f
img/img031_72.png,f
img/img031_73.png,f
img/img031_74.png,f
img/img031_75.png,f
img/img031_76.png,f
img/img031_77.png,f
img/img031_78.png,f
img/img031_79.png,f
img/img031_80.png,f
img/img031_81.png,f
img/img031_82.png,f
img/img031_83.png,f
img/img031_84.png,f
img/img031_85.png,f
img/img031_86.png,f
img/img031_87.png,f
img/img031_88.png,f
img/img031_89.png,f
img/img031_90.png,f
img/img031_91.png,f
img/img031_92.png,f
img/img031_93.png,f
img/img031_94.png,f
img/img031_95.png,f
img/img031_96.png,f
img/img031_97.png,f
img/img031_98.png,f
img/img031_99.png,f
img/img031_100.png,f
img/img032_1.png,g
img/img032_2.png,g
img/img032_3.png,g
img/img032_4.png,g
img/img032_5.png,g
img/img032_6.png,g
img/img032_7.png,g
img/img032_8.png,g
img/img032_9.png,g
img/img032_10.png,g
img/img032_11.png,g
img/img032_12.png,g
img/img032_13.png,g
img/img032_14.png,g
img/img032_15.png,g
img/img032_16.png,g
img/img032_17.png,g
img/img032_18.png,g
img/img032_19.png,g
img/img032_20.png,g
img/img032_21.png,g
img/img032_22.png,g
img/img032_23.png,g
img/img032_24.png,g
img/img032_25.png,g
img/img032_26.png,g
img/img032_27.png,g
img/img032_28.png,g
img/img032_29.png,g
img/img032_30.png,g
img/img032_31.png,g
img/img032_32.png,g
img/img032_33.png,g
img/img032_34.png,g
img/img032_35.png,g
img/img032_36.png,g
img/img032_37.png,g
img/img032_38.png,g
img/img032_39.png,g
img/img032_40.png,g
img/img032_41.png,g
img/img032_42.png,g
img/img032_43.png,g
img/img032_44.png,g
img/img032_45.png,g
img/img032_46.png,g
img/img032_47.png,g
img/img032_48.png,g
img/img032_49.png,g
img/img032_50.png,g
img/img032_51.png,g
img/img032_52.png,g
img/img032_53.png,g
img/img032_54.png,g
img/img032_55.png,g
img/img032_56.png,g
img/img032_57.png,g
img/img032_58.png,g
img/img032_59.png,g
img/img032_60.png,g
img/img032_61.png,g
img/img032_62.png,g
img/img032_63.png,g
img/img032_64.png,g
img/img032_65.png,g
img/img032_66.png,g
img/img032_67.png,g
img/img032_68.png,g
img/img032_69.png,g
img/img032_70.png,g
img/img032_71.png,g
img/img032_72.png,g
img/img032_73.png,g
img/img032_74.png,g
img/img032_75.png,g
img/img032_76.png,g
img/img032_77.png,g
img/img032_78.png,g
img/img032_79.png,g
img/img032_80.png,g
img/img032_81.png,g
img/img032_82.png,g
img/img032_83.png,g
img/img032_84.png,g
img/img032_85.png,g
img/img032_86.png,g
img/img032_87.png,g
img/img032_88.png,g
img/img032_89.png,g
img/img032_90.png,g
img/img032_91.png,g
img/img032_92.png,g
img/img032_93.png,g
img/img032_94.png,g
img/img032_95.png,g
img/img032_96.png,g
img/img032_97.png,g
img/img032_98.png,g
img/img032_99.png,g
img/img032_100.png,g
img/img033_1.png,gb
img/img033_2.png,gb
img/img033_3.png,gb
img/img033_4.png,gb
img/img033_5.png,gb
img/img033_6.png,gb
img/img033_7.png,gb
img/img033_8.png,gb
img/img033_9.png,gb
img/img033_10.png,gb
img/img033_11.png,gb
img/img033_12.png,gb
img/img033_13.png,gb
img/img033_14.png,gb
img/img033_15.png,gb
img/img033_16.png,gb
img/img033_17.png,gb
img/img033_18.png,gb
img/img033_19.png,gb
img/img033_20.png,gb
img/img033_21.png,gb
img/img033_22.png,gb
img/img033_23.png,gb
img/img033_24.png,gb
img/img033_25.png,gb
img/img033_26.png,gb
img/img033_27.png,gb
img/img033_28.png,gb
img/img033_29.png,gb
img/img033_30.png,gb
img/img033_31.png,gb
img/img033_32.png,gb
img/img033_33.png,gb
img/img033_34.png,gb
img/img033_35.png,gb
img/img033_36.png,gb
img/img033_37.png,gb
img/img033_38.png,gb
img/img033_39.png,gb
img/img033_40.png,gb
img/img033_41.png,gb
img/img033_42.png,gb
img/img033_43.png,gb
img/img033_44.png,gb
img/img033_45.png,gb
img/img033_46.png,gb
img/img033_47.png,gb
img/img033_48.png,gb
img/img033_49.png,gb
img/img033_50.png,gb
img/img033_51.png,gb
img/img033_52.png,gb
img/img033_53.png,gb
img/img033_54.png,gb
img/img033_55.png,gb
img/img033_56.png,gb
img/img033_57.png,gb
img/img033_58.png,gb
img/img033_59.png,gb
img/img033_60.png,gb
img/img033_61.png,gb
img/img033_62.png,gb
img/img033_63.png,gb
img/img033_64.png,gb
img/img033_65.png,gb
img/img033_66.png,gb
img/img033_67.png,gb
img/img033_68.png,gb
img/img033_69.png,gb
img/img033_70.png,gb
img/img033_71.png,gb
img/img033_72.png,gb
img/img033_73.png,gb
img/img033_74.png,gb
img/img033_75.png,gb
img/img033_76.png,gb
img/img033_77.png,gb
img/img033_78.png,gb
img/img033_79.png,gb
img/img033_80.png,gb
img/img033_81.png,gb
img/img033_82.png,gb
img/img033_83.png,gb
img/img033_84.png,gb
img/img033_85.png,gb
img/img033_86.png,gb
img/img033_87.png,gb
img/img033_88.png,gb
img/img033_89.png,gb
img/img033_90.png,gb
img/img033_91.png,gb
img/img033_92.png,gb
img/img033_93.png,gb
img/img033_94.png,gb
img/img033_95.png,gb
img/img033_96.png,gb
img/img033_97.png,gb
img/img033_98.png,gb
img/img033_99.png,gb
img/img033_100.png,gb
img/img034_1.png,h
img/img034_2.png,h
img/img034_3.png,h
img/img034_4.png,h
img/img034_5.png,h
img/img034_6.png,h
img/img034_7.png,h
img/img034_8.png,h
img/img034_9.png,h
img/img034_10.png,h
img/img034_11.png,h
img/img034_12.png,h
img/img034_13.png,h
img/img034_14.png,h
img/img034_15.png,h
img/img034_16.png,h
img/img034_17.png,h
img/img034_18.png,h
img/img034_19.png,h
img/img034_20.png,h
img/img034_21.png,h
img/img034_22.png,h
img/img034_23.png,h
img/img034_24.png,h
img/img034_25.png,h
img/img034_26.png,h
img/img034_27.png,h
img/img034_28.png,h
img/img034_29.png,h
img/img034_30.png,h
img/img034_31.png,h
img/img034_32.png,h
img/img034_33.png,h
img/img034_34.png,h
img/img034_35.png,h
img/img034_36.png,h
img/img034_37.png,h
img/img034_38.png,h
img/img034_39.png,h
img/img034_40.png,h
img/img034_41.png,h
img/img034_42.png,h
img/img034_43.png,h
img/img034_44.png,h
img/img034_45.png,h
img/img034_46.png,h
img/img034_47.png,h
img/img034_48.png,h
img/img034_49.png,h
img/img034_50.png,h
img/img034_51.png,h
img/img034_52.png,h
img/img034_53.png,h
img/img034_54.png,h
img/img034_55.png,h
img/img034_56.png,h
img/img034_57.png,h
img/img034_58.png,h
img/img034_59.png,h
img/img034_60.png,h
img/img034_61.png,h
img/img034_62.png,h
img/img034_63.png,h
img/img034_64.png,h
img/img034_65.png,h
img/img034_66.png,h
img/img034_67.png,h
img/img034_68.png,h
img/img034_69.png,h
img/img034_70.png,h
img/img034_71.png,h
img/img034_72.png,h
img/img034_73.png,h
img/img034_74.png,h
img/img034_75.png,h
img/img034_76.png,h
img/img034_77.png,h
img/img034_78.png,h
img/img034_79.png,h
img/img034_80.png,h
img/img034_81.png,h
img/img034_82.png,h
img/img034_83.png,h
img/img034_84.png,h
img/img034_85.png,h
img/img034_86.png,h
img/img034_87.png,h
img/img034_88.png,h
img/img034_89.png,h
img/img034_90.png,h
img/img034_91.png,h
img/img034_92.png,h
img/img034_93.png,h
img/img034_94.png,h
img/img034_95.png,h
img/img034_96.png,h
img/img034_97.png,h
img/img034_98.png,h
img/img034_99.png,h
img/img034_100.png,h
img/img035_1.png,i
img/img035_2.png,i
img/img035_3.png,i
img/img035_4.png,i
img/img035_5.png,i
img/img035_6.png,i
img/img035_7.png,i
img/img035_8.png,i
img/img035_9.png,i
img/img035_10.png,i
img/img035_11.png,i
img/img035_12.png,i
img/img035_13.png,i
img/img035_14.png,i
img/img035_15.png,i
img/img035_16.png,i
img/img035_17.png,i
img/img035_18.png,i
img/img035_19.png,i
img/img035_20.png,i
img/img035_21.png,i
img/img035_22.png,i
img/img035_23.png,i
img/img035_24.png,i
img/img035_25.png,i
img/img035_26.png,i
img/img035_27.png,i
img/img035_28.png,i
img/img035_29.png,i
img/img035_30.png,i
img/img035_31.png,i
img/img035_32.png,i
img/img035_33.png,i
img/img035_34.png,i
img/img035_35.png,i
img/img035_36.png,i
img/img035_37.png,i
img/img035_38.png,i
img/img035_39.png,i
img/img035_40.png,i
img/img035_41.png,i
img/img035_42.png,i
img/img035_43.png,i
img/img035_44.png,i
img/img035_45.png,i
img/img035_46.png,i
img/img035_47.png,i
img/img035_48.png,i
img/img035_49.png,i
img/img035_50.png,i
img/img035_51.png,i
img/img035_52.png,i
img/img035_53.png,i
img/img035_54.png,i
img/img035_55.png,i
img/img035_56.png,i
img/img035_57.png,i
img/img035_58.png,i
img/img035_59.png,i
img/img035_60.png,i
img/img035_61.png,i
img/img035_62.png,i
img/img035_63.png,i
img/img035_64.png,i
img/img035_65.png,i
img/img035_66.png,i
img/img035_67.png,i
img/img035_68.png,i
img/img035_69.png,i
img/img035_70.png,i
img/img035_71.png,i
img/img035_72.png,i
img/img035_73.png,i
img/img035_74.png,i
img/img035_75.png,i
img/img035_76.png,i
img/img035_77.png,i
img/img035_78.png,i
img/img035_79.png,i
img/img035_80.png,i
img/img035_81.png,i
img/img035_82.png,i
img/img035_83.png,i
img/img035_84.png,i
img/img035_85.png,i
img/img035_86.png,i
img/img035_87.png,i
img/img035_88.png,i
img/img035_89.png,i
img/img035_90.png,i
img/img035_91.png,i
img/img035_92.png,i
img/img035_93.png,i
img/img035_94.png,i
img/img035_95.png,i
img/img035_96.png,i
img/img035_97.png,i
img/img035_98.png,i
img/img035_99.png,i
img/img035_100.png,i
img/img036_1.png,j
img/img036_2.png,j
img/img036_3.png,j
img/img036_4.png,j
img/img036_5.png,j
img/img036_6.png,j
img/img036_7.png,j
img/img036_8.png,j
img/img036_9.png,j
img/img036_10.png,j
img/img036_11.png,j
img/img036_12.png,j
img/img036_13.png,j
img/img036_14.png,j
img/img036_15.png,j
img/img036_16.png,j
img/img036_17.png,j
img/img036_18.png,j
img/img036_19.png,j
img/img036_20.png,j
img/img036_21.png,j
img/img036_22.png,j
img/img036_23.png,j
img/img036_24.png,j
img/img036_25.png,j
img/img036_26.png,j
img/img036_27.png,j
img/img036_28.png,j
img/img036_29.png,j
img/img036_30.png,j
img/img036_31.png,j
img/img036_32.png,j
img/img036_33.png,j
img/img036_34.png,j
img/img036_35.png,j
img/img036_36.png,j
img/img036_37.png,j
img/img036_38.png,j
img/img036_39.png,j
img/img036_40.png,j
img/img036_41.png,j
img/img036_42.png,j
img/img036_43.png,j
img/img036_44.png,j
img/img036_45.png,j
img/img036_46.png,j
img/img036_47.png,j
img/img036_48.png,j
img/img036_49.png,j
img/img036_50.png,j
img/img036_51.png,j
img/img036_52.png,j
img/img036_53.png,j
img/img036_54.png,j
img/img036_55.png,j
img/img036_56.png,j
img/img036_57.png,j
img/img036_58.png,j
img/img036_59.png,j
img/img036_60.png,j
img/img036_61.png,j
img/img036_62.png,j
img/img036_63.png,j
img/img036_64.png,j
img/img036_65.png,j
img/img036_66.png,j
img/img036_67.png,j
img/img036_68.png,j
img/img036_69.png,j
img/img036_70.png,j
img/img036_71.png,j
img/img036_72.png,j
img/img036_73.png,j
img/img036_74.png,j
img/img036_75.png,j
img/img036_76.png,j
img/img036_77.png,j
img/img036_78.png,j
img/img036_79.png,j
img/img036_80.png,j
img/img036_81.png,j
img/img036_82.png,j
img/img036_83.png,j
img/img036_84.png,j
img/img036_85.png,j
img/img036_86.png,j
img/img036_87.png,j
img/img036_88.png,j
img/img036_89.png,j
img/img036_90.png,j
img/img036_91.png,j
img/img036_92.png,j
img/img036_93.png,j
img/img036_94.png,j
img/img036_95.png,j
img/img036_96.png,j
img/img036_97.png,j
img/img036_98.png,j
img/img036_99.png,j
img/img036_100.png,j
img/img037_1.png,k
img/img037_2.png,k
img/img037_3.png,k
img/img037_4.png,k
img/img037_5.png,k
img/img037_6.png,k
img/img037_7.png,k
img/img037_8.png,k
img/img037_9.png,k
img/img037_10.png,k
img/img037_11.png,k
img/img037_12.png,k
img/img037_13.png,k
img/img037_14.png,k
img/img037_15.png,k
img/img037_16.png,k
img/img037_17.png,k
img/img037_18.png,k
img/img037_19.png,k
img/img037_20.png,k
img/img037_21.png,k
img/img037_22.png,k
img/img037_23.png,k
img/img037_24.png,k
img/img037_25.png,k
img/img037_26.png,k
img/img037_27.png,k
img/img037_28.png,k
img/img037_29.png,k
img/img037_30.png,k
img/img037_31.png,k
img/img037_32.png,k
img/img037_33.png,k
img/img037_34.png,k
img/img037_35.png,k
img/img037_36.png,k
img/img037_37.png,k
img/img037_38.png,k
img/img037_39.png,k
img/img037_40.png,k
img/img037_41.png,k
img/img037_42.png,k
img/img037_43.png,k
img/img037_44.png,k
img/img037_45.png,k
img/img037_46.png,k
img/img037_47.png,k
img/img037_48.png,k
img/img037_49.png,k
img/img037_50.png,k
img/img037_51.png,k
img/img037_52.png,k
img/img037_53.png,k
img/img037_54.png,k
img/img037_55.png,k
img/img037_56.png,k
img/img037_57.png,k
img/img037_58.png,k
img/img037_59.png,k
img/img037_60.png,k
img/img037_61.png,k
img/img037_62.png,k
img/img037_63.png,k
img/img037_64.png,k
img/img037_65.png,k
img/img037_66.png,k
img/img037_67.png,k
img/img037_68.png,k
img/img037_69.png,k
img/img037_70.png,k
img/img037_71.png,k
img/img037_72.png,k
img/img037_73.png,k
img/img037_74.png,k
img/img037_75.png,k
img/img037_76.png,k
img/img037_77.png,k
img/img037_78.png,k
img/img037_79.png,k
img/img037_80.png,k
img/img037_81.png,k
img/img037_82.png,k
img/img037_83.png,k
img/img037_84.png,k
img/img037_85.png,k
img/img037_86.png,k
img/img037_87.png,k
img/img037_88.png,k
img/img037_89.png,k
img/img037_90.png,k
img/img037_91.png,k
img/img037_92.png,k
img/img037_93.png,k
img/img037_94.png,k
img/img037_95.png,k
img/img037_96.png,k
img/img037_97.png,k
img/img037_98.png,k
img/img037_99.png,k
img/img037_100.png,k
img/img038_1.png,l
img/img038_2.png,l
img/img038_3.png,l
img/img038_4.png,l
img/img038_5.png,l
img/img038_6.png,l
img/img038_7.png,l
img/img038_8.png,l
img/img038_9.png,l
img/img038_10.png,l
img/img038_11.png,l
img/img038_12.png,l
img/img038_13.png,l
img/img038_14.png,l
img/img038_15.png,l
img/img038_16.png,l
img/img038_17.png,l
img/img038_18.png,l
img/img038_19.png,l
img/img038_20.png,l
img/img038_21.png,l
img/img038_22.png,l
img/img038_23.png,l
img/img038_24.png,l
img/img038_25.png,l
img/img038_26.png,l
img/img038_27.png,l
img/img038_28.png,l
img/img038_29.png,l
img/img038_30.png,l
img/img038_31.png,l
img/img038_32.png,l
img/img038_33.png,l
img/img038_34.png,l
img/img038_35.png,l
img/img038_36.png,l
img/img038_37.png,l
img/img038_38.png,l
img/img038_39.png,l
img/img038_40.png,l
img/img038_41.png,l
img/img038_42.png,l
img/img038_43.png,l
img/img038_44.png,l
img/img038_45.png,l
img/img038_46.png,l
img/img038_47.png,l
img/img038_48.png,l
img/img038_49.png,l
img/img038_50.png,l
img/img038_51.png,l
img/img038_52.png,l
img/img038_53.png,l
img/img038_54.png,l
img/img038_55.png,l
img/img038_56.png,l
img/img038_57.png,l
img/img038_58.png,l
img/img038_59.png,l
img/img038_60.png,l
img/img038_61.png,l
img/img038_62.png,l
img/img038_63.png,l
img/img038_64.png,l
img/img038_65.png,l
img/img038_66.png,l
img/img038_67.png,l
img/img038_68.png,l
img/img038_69.png,l
img/img038_70.png,l
img/img038_71.png,l
img/img038_72.png,l
img/img038_73.png,l
img/img038_74.png,l
img/img038_75.png,l
img/img038_76.png,l
img/img038_77.png,l
img/img038_78.png,l
img/img038_79.png,l
img/img038_80.png,l
img/img038_81.png,l
img/img038_82.png,l
img/img038_83.png,l
img/img038_84.png,l
img/img038_85.png,l
img/img038_86.png,l
img/img038_87.png,l
img/img038_88.png,l
img/img038_89.png,l
img/img038_90.png,l
img/img038_91.png,l
img/img038_92.png,l
img/img038_93.png,l
img/img038_94.png,l
img/img038_95.png,l
img/img038_96.png,l
img/img038_97.png,l
img/img038_98.png,l
img/img038_99.png,l
img/img038_100.png,l
img/img039_1.png,m
img/img039_2.png,m
img/img039_3.png,m
img/img039_4.png,m
img/img039_5.png,m
img/img039_6.png,m
img/img039_7.png,m
img/img039_8.png,m
img/img039_9.png,m
img/img039_10.png,m
img/img039_11.png,m
img/img039_12.png,m
img/img039_13.png,m
img/img039_14.png,m
img/img039_15.png,m
img/img039_16.png,m
img/img039_17.png,m
img/img039_18.png,m
img/img039_19.png,m
img/img039_20.png,m
img/img039_21.png,m
img/img039_22.png,m
img/img039_23.png,m
img/img039_24.png,m
img/img039_25.png,m
img/img039_26.png,m
img/img039_27.png,m
img/img039_28.png,m
img/img039_29.png,m
img/img039_30.png,m
img/img039_31.png,m
img/img039_32.png,m
img/img039_33.png,m
img/img039_34.png,m
img/img039_35.png,m
img/img039_36.png,m
img/img039_37.png,m
img/img039_38.png,m
img/img039_39.png,m
img/img039_40.png,m
img/img039_41.png,m
img/img039_42.png,m
img/img039_43.png,m
img/img039_44.png,m
img/img039_45.png,m
img/img039_46.png,m
img/img039_47.png,m
img/img039_48.png,m
img/img039_49.png,m
img/img039_50.png,m
img/img039_51.png,m
img/img039_52.png,m
img/img039_53.png,m
img/img039_54.png,m
img/img039_55.png,m
img/img039_56.png,m
img/img039_57.png,m
img/img039_58.png,m
img/img039_59.png,m
img/img039_60.png,m
img/img039_61.png,m
img/img039_62.png,m
img/img039_63.png,m
img/img039_64.png,m
img/img039_65.png,m
img/img039_66.png,m
img/img039_67.png,m
img/img039_68.png,m
img/img039_69.png,m
img/img039_70.png,m
img/img039_71.png,m
img/img039_72.png,m
img/img039_73.png,m
img/img039_74.png,m
img/img039_75.png,m
img/img039_76.png,m
img/img039_77.png,m
img/img039_78.png,m
img/img039_79.png,m
img/img039_80.png,m
img/img039_81.png,m
img/img039_82.png,m
img/img039_83.png,m
img/img039_84.png,m
img/img039_85.png,m
img/img039_86.png,m
img/img039_87.png,m
img/img039_88.png,m
img/img039_89.png,m
img/img039_90.png,m
img/img039_91.png,m
img/img039_92.png,m
img/img039_93.png,m
img/img039_94.png,m
img/img039_95.png,m
img/img039_96.png,m
img/img039_97.png,m
img/img039_98.png,m
img/img039_99.png,m
img/img039_100.png,m
img/img040_1.png,n
img/img040_2.png,n
img/img040_3.png,n
img/img040_4.png,n
img/img040_5.png,n
img/img040_6.png,n
img/img040_7.png,n
img/img040_8.png,n
img/img040_9.png,n
img/img040_10.png,n
img/img040_11.png,n
img/img040_12.png,n
img/img040_13.png,n
img/img040_14.png,n
img/img040_15.png,n
img/img040_16.png,n
img/img040_17.png,n
img/img040_18.png,n
img/img040_19.png,n
img/img040_20.png,n
img/img040_21.png,n
img/img040_22.png,n
img/img040_23.png,n
img/img040_24.png,n
img/img040_25.png,n
img/img040_26.png,n
img/img040_27.png,n
img/img040_28.png,n
img/img040_29.png,n
img/img040_30.png,n
img/img040_31.png,n
img/img040_32.png,n
img/img040_33.png,n
img/img040_34.png,n
img/img040_35.png,n
img/img040_36.png,n
img/img040_37.png,n
img/img040_38.png,n
img/img040_39.png,n
img/img040_40.png,n
img/img040_41.png,n
img/img040_42.png,n
img/img040_43.png,n
img/img040_44.png,n
img/img040_45.png,n
img/img040_46.png,n
img/img040_47.png,n
img/img040_48.png,n
img/img040_49.png,n
img/img040_50.png,n
img/img040_51.png,n
img/img040_52.png,n
img/img040_53.png,n
img/img040_54.png,n
img/img040_55.png,n
img/img040_56.png,n
img/img040_57.png,n
img/img040_58.png,n
img/img040_59.png,n
img/img040_60.png,n
img/img040_61.png,n
img/img040_62.png,n
img/img040_63.png,n
img/img040_64.png,n
img/img040_65.png,n
img/img040_66.png,n
img/img040_67.png,n
img/img040_68.png,n
img/img040_69.png,n
img/img040_70.png,n
img/img040_71.png,n
img/img040_72.png,n
img/img040_73.png,n
img/img040_74.png,n
img/img040_75.png,n
img/img040_76.png,n
img/img040_77.png,n
img/img040_78.png,n
img/img040_79.png,n
img/img040_80.png,n
img/img040_81.png,n
img/img040_82.png,n
img/img040_83.png,n
img/img040_84.png,n
img/img040_85.png,n
img/img040_86.png,n
img/img040_87.png,n
img/img040_88.png,n
img/img040_89.png,n
img/img040_90.png,n
img/img040_91.png,n
img/img040_92.png,n
img/img040_93.png,n
img/img040_94.png,n
img/img040_95.png,n
img/img040_96.png,n
img/img040_97.png,n
img/img040_98.png,n
img/img040_99.png,n
img/img040_100.png,n
img/img041_1.png,o
img/img041_2.png,o
img/img041_3.png,o
img/img041_4.png,o
img/img041_5.png,o
img/img041_6.png,o
img/img041_7.png,o
img/img041_8.png,o
img/img041_9.png,o
img/img041_10.png,o
img/img041_11.png,o
img/img041_12.png,o
img/img041_13.png,o
img/img041_14.png,o
img/img041_15.png,o
img/img041_16.png,o
img/img041_17.png,o
img/img041_18.png,o
img/img041_19.png,o
img/img041_20.png,o
img/img041_21.png,o
img/img041_22.png,o
img/img041_23.png,o
img/img041_24.png,o
img/img041_25.png,o
img/img041_26.png,o
img/img041_27.png,o
img/img041_28.png,o
img/img041_29.png,o
img/img041_30.png,o
img/img041_31.png,o
img/img041_32.png,o
img/img041_33.png,o
img/img041_34.png,o
img/img041_35.png,o
img/img041_36.png,o
img/img041_37.png,o
img/img041_38.png,o
img/img041_39.png,o
img/img041_40.png,o
img/img041_41.png,o
img/img041_42.png,o
img/img041_43.png,o
img/img041_44.png,o
img/img041_45.png,o
img/img041_46.png,o
img/img041_47.png,o
img/img041_48.png,o
img/img041_49.png,o
img/img041_50.png,o
img/img041_51.png,o
img/img041_52.png,o
img/img041_53.png,o
img/img041_54.png,o
img/img041_55.png,o
img/img041_56.png,o
img/img041_57.png,o
img/img041_58.png,o
img/img041_59.png,o
img/img041_60.png,o
img/img041_61.png,o
img/img041_62.png,o
img/img041_63.png,o
img/img041_64.png,o
img/img041_65.png,o
img/img041_66.png,o
img/img041_67.png,o
img/img041_68.png,o
img/img041_69.png,o
img/img041_70.png,o
img/img041_71.png,o
img/img041_72.png,o
img/img041_73.png,o
img/img041_74.png,o
img/img041_75.png,o
img/img041_76.png,o
img/img041_77.png,o
img/img041_78.png,o
img/img041_79.png,o
img/img041_80.png,o
img/img041_81.png,o
img/img041_82.png,o
img/img041_83.png,o
img/img041_84.png,o
img/img041_85.png,o
img/img041_86.png,o
img/img041_87.png,o
img/img041_88.png,o
img/img041_89.png,o
img/img041_90.png,o
img/img041_91.png,o
img/img041_92.png,o
img/img041_93.png,o
img/img041_94.png,o
img/img041_95.png,o
img/img041_96.png,o
img/img041_97.png,o
img/img041_98.png,o
img/img041_99.png,o
img/img041_100.png,o
img/img042_1.png,ọ
img/img042_2.png,ọ
img/img042_3.png,ọ
img/img042_4.png,ọ
img/img042_5.png,ọ
img/img042_6.png,ọ
img/img042_7.png,ọ
img/img042_8.png,ọ
img/img042_9.png,ọ
img/img042_10.png,ọ
img/img042_11.png,ọ
img/img042_12.png,ọ
img/img042_13.png,ọ
img/img042_14.png,ọ
img/img042_15.png,ọ
img/img042_16.png,ọ
img/img042_17.png,ọ
img/img042_18.png,ọ
img/img042_19.png,ọ
img/img042_20.png,ọ
img/img042_21.png,ọ
img/img042_22.png,ọ
img/img042_23.png,ọ
img/img042_24.png,ọ
img/img042_25.png,ọ
img/img042_26.png,ọ
img/img042_27.png,ọ
img/img042_28.png,ọ
img/img042_29.png,ọ
img/img042_30.png,ọ
img/img042_31.png,ọ
img/img042_32.png,ọ
img/img042_33.png,ọ
img/img042_34.png,ọ
img/img042_35.png,ọ
img/img042_36.png,ọ
img/img042_37.png,ọ
img/img042_38.png,ọ
img/img042_39.png,ọ
img/img042_40.png,ọ
img/img042_41.png,ọ
img/img042_42.png,ọ
img/img042_43.png,ọ
img/img042_44.png,ọ
img/img042_45.png,ọ
img/img042_46.png,ọ
img/img042_47.png,ọ
img/img042_48.png,ọ
img/img042_49.png,ọ
img/img042_50.png,ọ
img/img042_51.png,ọ
img/img042_52.png,ọ
img/img042_53.png,ọ
img/img042_54.png,ọ
img/img042_55.png,ọ
img/img042_56.png,ọ
img/img042_57.png,ọ
img/img042_58.png,ọ
img/img042_59.png,ọ
img/img042_60.png,ọ
img/img042_61.png,ọ
img/img042_62.png,ọ
img/img042_63.png,ọ
img/img042_64.png,ọ
img/img042_65.png,ọ
img/img042_66.png,ọ
img/img042_67.png,ọ
img/img042_68.png,ọ
img/img042_69.png,ọ
img/img042_70.png,ọ
img/img042_71.png,ọ
img/img042_72.png,ọ
img/img042_73.png,ọ
img/img042_74.png,ọ
img/img042_75.png,ọ
img/img042_76.png,ọ
img/img042_77.png,ọ
img/img042_78.png,ọ
img/img042_79.png,ọ
img/img042_80.png,ọ
img/img042_81.png,ọ
img/img042_82.png,ọ
img/img042_83.png,ọ
img/img042_84.png,ọ
img/img042_85.png,ọ
img/img042_86.png,ọ
img/img042_87.png,ọ
img/img042_88.png,ọ
img/img042_89.png,ọ
img/img042_90.png,ọ
img/img042_91.png,ọ
img/img042_92.png,ọ
img/img042_93.png,ọ
img/img042_94.png,ọ
img/img042_95.png,ọ
img/img042_96.png,ọ
img/img042_97.png,ọ
img/img042_98.png,ọ
img/img042_99.png,ọ
img/img042_100.png,ọ
img/img043_1.png,p
img/img043_2.png,p
img/img043_3.png,p
img/img043_4.png,p
img/img043_5.png,p
img/img043_6.png,p
img/img043_7.png,p
img/img043_8.png,p
img/img043_9.png,p
img/img043_10.png,p
img/img043_11.png,p
img/img043_12.png,p
img/img043_13.png,p
img/img043_14.png,p
img/img043_15.png,p
img/img043_16.png,p
img/img043_17.png,p
img/img043_18.png,p
img/img043_19.png,p
img/img043_20.png,p
img/img043_21.png,p
img/img043_22.png,p
img/img043_23.png,p
img/img043_24.png,p
img/img043_25.png,p
img/img043_26.png,p
img/img043_27.png,p
img/img043_28.png,p
img/img043_29.png,p
img/img043_30.png,p
img/img043_31.png,p
img/img043_32.png,p
img/img043_33.png,p
img/img043_34.png,p
img/img043_35.png,p
img/img043_36.png,p
img/img043_37.png,p
img/img043_38.png,p
img/img043_39.png,p
img/img043_40.png,p
img/img043_41.png,p
img/img043_42.png,p
img/img043_43.png,p
img/img043_44.png,p
img/img043_45.png,p
img/img043_46.png,p
img/img043_47.png,p
img/img043_48.png,p
img/img043_49.png,p
img/img043_50.png,p
img/img043_51.png,p
img/img043_52.png,p
img/img043_53.png,p
img/img043_54.png,p
img/img043_55.png,p
img/img043_56.png,p
img/img043_57.png,p
img/img043_58.png,p
img/img043_59.png,p
img/img043_60.png,p
img/img043_61.png,p
img/img043_62.png,p
img/img043_63.png,p
img/img043_64.png,p
img/img043_65.png,p
img/img043_66.png,p
img/img043_67.png,p
img/img043_68.png,p
img/img043_69.png,p
img/img043_70.png,p
img/img043_71.png,p
img/img043_72.png,p
img/img043_73.png,p
img/img043_74.png,p
img/img043_75.png,p
img/img043_76.png,p
img/img043_77.png,p
img/img043_78.png,p
img/img043_79.png,p
img/img043_80.png,p
img/img043_81.png,p
img/img043_82.png,p
img/img043_83.png,p
img/img043_84.png,p
img/img043_85.png,p
img/img043_86.png,p
img/img043_87.png,p
img/img043_88.png,p
img/img043_89.png,p
img/img043_90.png,p
img/img043_91.png,p
img/img043_92.png,p
img/img043_93.png,p
img/img043_94.png,p
img/img043_95.png,p
img/img043_96.png,p
img/img043_97.png,p
img/img043_98.png,p
img/img043_99.png,p
img/img043_100.png,p
img/img044_1.png,r
img/img044_2.png,r
img/img044_3.png,r
img/img044_4.png,r
img/img044_5.png,r
img/img044_6.png,r
img/img044_7.png,r
img/img044_8.png,r
img/img044_9.png,r
img/img044_10.png,r
img/img044_11.png,r
img/img044_12.png,r
img/img044_13.png,r
img/img044_14.png,r
img/img044_15.png,r
img/img044_16.png,r
img/img044_17.png,r
img/img044_18.png,r
img/img044_19.png,r
img/img044_20.png,r
img/img044_21.png,r
img/img044_22.png,r
img/img044_23.png,r
img/img044_24.png,r
img/img044_25.png,r
img/img044_26.png,r
img/img044_27.png,r
img/img044_28.png,r
img/img044_29.png,r
img/img044_30.png,r
img/img044_31.png,r
img/img044_32.png,r
img/img044_33.png,r
img/img044_34.png,r
img/img044_35.png,r
img/img044_36.png,r
img/img044_37.png,r
img/img044_38.png,r
img/img044_39.png,r
img/img044_40.png,r
img/img044_41.png,r
img/img044_42.png,r
img/img044_43.png,r
img/img044_44.png,r
img/img044_45.png,r
img/img044_46.png,r
img/img044_47.png,r
img/img044_48.png,r
img/img044_49.png,r
img/img044_50.png,r
img/img044_51.png,r
img/img044_52.png,r
img/img044_53.png,r
img/img044_54.png,r
img/img044_55.png,r
img/img044_56.png,r
img/img044_57.png,r
img/img044_58.png,r
img/img044_59.png,r
img/img044_60.png,r
img/img044_61.png,r
img/img044_62.png,r
img/img044_63.png,r
img/img044_64.png,r
img/img044_65.png,r
img/img044_66.png,r
img/img044_67.png,r
img/img044_68.png,r
img/img044_69.png,r
img/img044_70.png,r
img/img044_71.png,r
img/img044_72.png,r
img/img044_73.png,r
img/img044_74.png,r
img/img044_75.png,r
img/img044_76.png,r
img/img044_77.png,r
img/img044_78.png,r
img/img044_79.png,r
img/img044_80.png,r
img/img044_81.png,r
img/img044_82.png,r
img/img044_83.png,r
img/img044_84.png,r
img/img044_85.png,r
img/img044_86.png,r
img/img044_87.png,r
img/img044_88.png,r
img/img044_89.png,r
img/img044_90.png,r
img/img044_91.png,r
img/img044_92.png,r
img/img044_93.png,r
img/img044_94.png,r
img/img044_95.png,r
img/img044_96.png,r
img/img044_97.png,r
img/img044_98.png,r
img/img044_99.png,r
img/img044_100.png,r
img/img045_1.png,s
img/img045_2.png,s
img/img045_3.png,s
img/img045_4.png,s
img/img045_5.png,s
img/img045_6.png,s
img/img045_7.png,s
img/img045_8.png,s
img/img045_9.png,s
img/img045_10.png,s
img/img045_11.png,s
img/img045_12.png,s
img/img045_13.png,s
img/img045_14.png,s
img/img045_15.png,s
img/img045_16.png,s
img/img045_17.png,s
img/img045_18.png,s
img/img045_19.png,s
img/img045_20.png,s
img/img045_21.png,s
img/img045_22.png,s
img/img045_23.png,s
img/img045_24.png,s
img/img045_25.png,s
img/img045_26.png,s
img/img045_27.png,s
img/img045_28.png,s
img/img045_29.png,s
img/img045_30.png,s
img/img045_31.png,s
img/img045_32.png,s
img/img045_33.png,s
img/img045_34.png,s
img/img045_35.png,s
img/img045_36.png,s
img/img045_37.png,s
img/img045_38.png,s
img/img045_39.png,s
img/img045_40.png,s
img/img045_41.png,s
img/img045_42.png,s
img/img045_43.png,s
img/img045_44.png,s
img/img045_45.png,s
img/img045_46.png,s
img/img045_47.png,s
img/img045_48.png,s
img/img045_49.png,s
img/img045_50.png,s
img/img045_51.png,s
img/img045_52.png,s
img/img045_53.png,s
img/img045_54.png,s
img/img045_55.png,s
img/img045_56.png,s
img/img045_57.png,s
img/img045_58.png,s
img/img045_59.png,s
img/img045_60.png,s
img/img045_61.png,s
img/img045_62.png,s
img/img045_63.png,s
img/img045_64.png,s
img/img045_65.png,s
img/img045_66.png,s
img/img045_67.png,s
img/img045_68.png,s
img/img045_69.png,s
img/img045_70.png,s
img/img045_71.png,s
img/img045_72.png,s
img/img045_73.png,s
img/img045_74.png,s
img/img045_75.png,s
img/img045_76.png,s
img/img045_77.png,s
img/img045_78.png,s
img/img045_79.png,s
img/img045_80.png,s
img/img045_81.png,s
img/img045_82.png,s
img/img045_83.png,s
img/img045_84.png,s
img/img045_85.png,s
img/img045_86.png,s
img/img045_87.png,s
img/img045_88.png,s
img/img045_89.png,s
img/img045_90.png,s
img/img045_91.png,s
img/img045_92.png,s
img/img045_93.png,s
img/img045_94.png,s
img/img045_95.png,s
img/img045_96.png,s
img/img045_97.png,s
img/img045_98.png,s
img/img045_99.png,s
img/img045_100.png,s
img/img046_1.png,ṣ
img/img046_2.png,ṣ
img/img046_3.png,ṣ
img/img046_4.png,ṣ
img/img046_5.png,ṣ
img/img046_6.png,ṣ
img/img046_7.png,ṣ
img/img046_8.png,ṣ
img/img046_9.png,ṣ
img/img046_10.png,ṣ
img/img046_11.png,ṣ
img/img046_12.png,ṣ
img/img046_13.png,ṣ
img/img046_14.png,ṣ
img/img046_15.png,ṣ
img/img046_16.png,ṣ
img/img046_17.png,ṣ
img/img046_18.png,ṣ
img/img046_19.png,ṣ
img/img046_20.png,ṣ
img/img046_21.png,ṣ
img/img046_22.png,ṣ
img/img046_23.png,ṣ
img/img046_24.png,ṣ
img/img046_25.png,ṣ
img/img046_26.png,ṣ
img/img046_27.png,ṣ
img/img046_28.png,ṣ
img/img046_29.png,ṣ
img/img046_30.png,ṣ
img/img046_31.png,ṣ
img/img046_32.png,ṣ
img/img046_33.png,ṣ
img/img046_34.png,ṣ
img/img046_35.png,ṣ
img/img046_36.png,ṣ
img/img046_37.png,ṣ
img/img046_38.png,ṣ
img/img046_39.png,ṣ
img/img046_40.png,ṣ
img/img046_41.png,ṣ
img/img046_42.png,ṣ
img/img046_43.png,ṣ
img/img046_44.png,ṣ
img/img046_45.png,ṣ
img/img046_46.png,ṣ
img/img046_47.png,ṣ
img/img046_48.png,ṣ
img/img046_49.png,ṣ
img/img046_50.png,ṣ
img/img046_51.png,ṣ
img/img046_52.png,ṣ
img/img046_53.png,ṣ
img/img046_54.png,ṣ
img/img046_55.png,ṣ
img/img046_56.png,ṣ
img/img046_57.png,ṣ
img/img046_58.png,ṣ
img/img046_59.png,ṣ
img/img046_60.png,ṣ
img/img046_61.png,ṣ
img/img046_62.png,ṣ
img/img046_63.png,ṣ
img/img046_64.png,ṣ
img/img046_65.png,ṣ
img/img046_66.png,ṣ
img/img046_67.png,ṣ
img/img046_68.png,ṣ
img/img046_69.png,ṣ
img/img046_70.png,ṣ
img/img046_71.png,ṣ
img/img046_72.png,ṣ
img/img046_73.png,ṣ
img/img046_74.png,ṣ
img/img046_75.png,ṣ
img/img046_76.png,ṣ
img/img046_77.png,ṣ
img/img046_78.png,ṣ
img/img046_79.png,ṣ
img/img046_80.png,ṣ
img/img046_81.png,ṣ
img/img046_82.png,ṣ
img/img046_83.png,ṣ
img/img046_84.png,ṣ
img/img046_85.png,ṣ
img/img046_86.png,ṣ
img/img046_87.png,ṣ
img/img046_88.png,ṣ
img/img046_89.png,ṣ
img/img046_90.png,ṣ
img/img046_91.png,ṣ
img/img046_92.png,ṣ
img/img046_93.png,ṣ
img/img046_94.png,ṣ
img/img046_95.png,ṣ
img/img046_96.png,ṣ
img/img046_97.png,ṣ
img/img046_98.png,ṣ
img/img046_99.png,ṣ
img/img046_100.png,ṣ
img/img047_1.png,t
img/img047_2.png,t
img/img047_3.png,t
img/img047_4.png,t
img/img047_5.png,t
img/img047_6.png,t
img/img047_7.png,t
img/img047_8.png,t
img/img047_9.png,t
img/img047_10.png,t
img/img047_11.png,t
img/img047_12.png,t
img/img047_13.png,t
img/img047_14.png,t
img/img047_15.png,t
img/img047_16.png,t
img/img047_17.png,t
img/img047_18.png,t
img/img047_19.png,t
img/img047_20.png,t
img/img047_21.png,t
img/img047_22.png,t
img/img047_23.png,t
img/img047_24.png,t
img/img047_25.png,t
img/img047_26.png,t
img/img047_27.png,t
img/img047_28.png,t
img/img047_29.png,t
img/img047_30.png,t
img/img047_31.png,t
img/img047_32.png,t
img/img047_33.png,t
img/img047_34.png,t
img/img047_35.png,t
img/img047_36.png,t
img/img047_37.png,t
img/img047_38.png,t
img/img047_39.png,t
img/img047_40.png,t
img/img047_41.png,t
img/img047_42.png,t
img/img047_43.png,t
img/img047_44.png,t
img/img047_45.png,t
img/img047_46.png,t
img/img047_47.png,t
img/img047_48.png,t
img/img047_49.png,t
img/img047_50.png,t
img/img047_51.png,t
img/img047_52.png,t
img/img047_53.png,t
img/img047_54.png,t
img/img047_55.png,t
img/img047_56.png,t
img/img047_57.png,t
img/img047_58.png,t
img/img047_59.png,t
img/img047_60.png,t
img/img047_61.png,t
img/img047_62.png,t
img/img047_63.png,t
img/img047_64.png,t
img/img047_65.png,t
img/img047_66.png,t
img/img047_67.png,t
img/img047_68.png,t
img/img047_69.png,t
img/img047_70.png,t
img/img047_71.png,t
img/img047_72.png,t
img/img047_73.png,t
img/img047_74.png,t
img/img047_75.png,t
img/img047_76.png,t
img/img047_77.png,t
img/img047_78.png,t
img/img047_79.png,t
img/img047_80.png,t
img/img047_81.png,t
img/img047_82.png,t
img/img047_83.png,t
img/img047_84.png,t
img/img047_85.png,t
img/img047_86.png,t
img/img047_87.png,t
img/img047_88.png,t
img/img047_89.png,t
img/img047_90.png,t
img/img047_91.png,t
img/img047_92.png,t
img/img047_93.png,t
img/img047_94.png,t
img/img047_95.png,t
img/img047_96.png,t
img/img047_97.png,t
img/img047_98.png,t
img/img047_99.png,t
img/img047_100.png,t
img/img048_1.png,u
img/img048_2.png,u
img/img048_3.png,u
img/img048_4.png,u
img/img048_5.png,u
img/img048_6.png,u
img/img048_7.png,u
img/img048_8.png,u
img/img048_9.png,u
img/img048_10.png,u
img/img048_11.png,u
img/img048_12.png,u
img/img048_13.png,u
img/img048_14.png,u
img/img048_15.png,u
img/img048_16.png,u
img/img048_17.png,u
img/img048_18.png,u
img/img048_19.png,u
img/img048_20.png,u
img/img048_21.png,u
img/img048_22.png,u
img/img048_23.png,u
img/img048_24.png,u
img/img048_25.png,u
img/img048_26.png,u
img/img048_27.png,u
img/img048_28.png,u
img/img048_29.png,u
img/img048_30.png,u
img/img048_31.png,u
img/img048_32.png,u
img/img048_33.png,u
img/img048_34.png,u
img/img048_35.png,u
img/img048_36.png,u
img/img048_37.png,u
img/img048_38.png,u
img/img048_39.png,u
img/img048_40.png,u
img/img048_41.png,u
img/img048_42.png,u
img/img048_43.png,u
img/img048_44.png,u
img/img048_45.png,u
img/img048_46.png,u
img/img048_47.png,u
img/img048_48.png,u
img/img048_49.png,u
img/img048_50.png,u
img/img048_51.png,u
img/img048_52.png,u
img/img048_53.png,u
img/img048_54.png,u
img/img048_55.png,u
img/img048_56.png,u
img/img048_57.png,u
img/img048_58.png,u
img/img048_59.png,u
img/img048_60.png,u
img/img048_61.png,u
img/img048_62.png,u
img/img048_63.png,u
img/img048_64.png,u
img/img048_65.png,u
img/img048_66.png,u
img/img048_67.png,u
img/img048_68.png,u
img/img048_69.png,u
img/img048_70.png,u
img/img048_71.png,u
img/img048_72.png,u
img/img048_73.png,u
img/img048_74.png,u
img/img048_75.png,u
img/img048_76.png,u
img/img048_77.png,u
img/img048_78.png,u
img/img048_79.png,u
img/img048_80.png,u
img/img048_81.png,u
img/img048_82.png,u
img/img048_83.png,u
img/img048_84.png,u
img/img048_85.png,u
img/img048_86.png,u
img/img048_87.png,u
img/img048_88.png,u
img/img048_89.png,u
img/img048_90.png,u
img/img048_91.png,u
img/img048_92.png,u
img/img048_93.png,u
img/img048_94.png,u
img/img048_95.png,u
img/img048_96.png,u
img/img048_97.png,u
img/img048_98.png,u
img/img048_99.png,u
img/img048_100.png,u
img/img049_1.png,w
img/img049_2.png,w
img/img049_3.png,w
img/img049_4.png,w
img/img049_5.png,w
img/img049_6.png,w
img/img049_7.png,w
img/img049_8.png,w
img/img049_9.png,w
img/img049_10.png,w
img/img049_11.png,w
img/img049_12.png,w
img/img049_13.png,w
img/img049_14.png,w
img/img049_15.png,w
img/img049_16.png,w
img/img049_17.png,w
img/img049_18.png,w
img/img049_19.png,w
img/img049_20.png,w
img/img049_21.png,w
img/img049_22.png,w
img/img049_23.png,w
img/img049_24.png,w
img/img049_25.png,w
img/img049_26.png,w
img/img049_27.png,w
img/img049_28.png,w
img/img049_29.png,w
img/img049_30.png,w
img/img049_31.png,w
img/img049_32.png,w
img/img049_33.png,w
img/img049_34.png,w
img/img049_35.png,w
img/img049_36.png,w
img/img049_37.png,w
img/img049_38.png,w
img/img049_39.png,w
img/img049_40.png,w
img/img049_41.png,w
img/img049_42.png,w
img/img049_43.png,w
img/img049_44.png,w
img/img049_45.png,w
img/img049_46.png,w
img/img049_47.png,w
img/img049_48.png,w
img/img049_49.png,w
img/img049_50.png,w
img/img049_51.png,w
img/img049_52.png,w
img/img049_53.png,w
img/img049_54.png,w
img/img049_55.png,w
img/img049_56.png,w
img/img049_57.png,w
img/img049_58.png,w
img/img049_59.png,w
img/img049_60.png,w
img/img049_61.png,w
img/img049_62.png,w
img/img049_63.png,w
img/img049_64.png,w
img/img049_65.png,w
img/img049_66.png,w
img/img049_67.png,w
img/img049_68.png,w
img/img049_69.png,w
img/img049_70.png,w
img/img049_71.png,w
img/img049_72.png,w
img/img049_73.png,w
img/img049_74.png,w
img/img049_75.png,w
img/img049_76.png,w
img/img049_77.png,w
img/img049_78.png,w
img/img049_79.png,w
img/img049_80.png,w
img/img049_81.png,w
img/img049_82.png,w
img/img049_83.png,w
img/img049_84.png,w
img/img049_85.png,w
img/img049_86.png,w
img/img049_87.png,w
img/img049_88.png,w
img/img049_89.png,w
img/img049_90.png,w
img/img049_91.png,w
img/img049_92.png,w
img/img049_93.png,w
img/img049_94.png,w
img/img049_95.png,w
img/img049_96.png,w
img/img049_97.png,w
img/img049_98.png,w
img/img049_99.png,w
img/img049_100.png,w
img/img050_1.png,y
img/img050_2.png,y
img/img050_3.png,y
img/img050_4.png,y
img/img050_5.png,y
img/img050_6.png,y
img/img050_7.png,y
img/img050_8.png,y
img/img050_9.png,y
img/img050_10.png,y
img/img050_11.png,y
img/img050_12.png,y
img/img050_13.png,y
img/img050_14.png,y
img/img050_15.png,y
img/img050_16.png,y
img/img050_17.png,y
img/img050_18.png,y
img/img050_19.png,y
img/img050_20.png,y
img/img050_21.png,y
img/img050_22.png,y
img/img050_23.png,y
img/img050_24.png,y
img/img050_25.png,y
img/img050_26.png,y
img/img050_27.png,y
img/img050_28.png,y
img/img050_29.png,y
img/img050_30.png,y
img/img050_31.png,y
img/img050_32.png,y
img/img050_33.png,y
img/img050_34.png,y
img/img050_35.png,y
img/img050_36.png,y
img/img050_37.png,y
img/img050_38.png,y
img/img050_39.png,y
img/img050_40.png,y
img/img050_41.png,y
img/img050_42.png,y
img/img050_43.png,y
img/img050_44.png,y
img/img050_45.png,y
img/img050_46.png,y
img/img050_47.png,y
img/img050_48.png,y
img/img050_49.png,y
img/img050_50.png,y
img/img050_51.png,y
img/img050_52.png,y
img/img050_53.png,y
img/img050_54.png,y
img/img050_55.png,y
img/img050_56.png,y
img/img050_57.png,y
img/img050_58.png,y
img/img050_59.png,y
img/img050_60.png,y
img/img050_61.png,y
img/img050_62.png,y
img/img050_63.png,y
img/img050_64.png,y
img/img050_65.png,y
img/img050_66.png,y
img/img050_67.png,y
img/img050_68.png,y
img/img050_69.png,y
img/img050_70.png,y
img/img050_71.png,y
img/img050_72.png,y
img/img050_73.png,y
img/img050_74.png,y
img/img050_75.png,y
img/img050_76.png,y
img/img050_77.png,y
img/img050_78.png,y
img/img050_79.png,y
img/img050_80.png,y
img/img050_81.png,y
img/img050_82.png,y
img/img050_83.png,y
img/img050_84.png,y
img/img050_85.png,y
img/img050_86.png,y
img/img050_87.png,y
img/img050_88.png,y
img/img050_89.png,y
img/img050_90.png,y
img/img050_91.png,y
img/img050_92.png,y
img/img050_93.png,y
img/img050_94.png,y
img/img050_95.png,y
img/img050_96.png,y
img/img050_97.png,y
img/img050_98.png,y
img/img050_99.png,y
img/img050_100.png,y
